/* Facility: Example facility */
INSERT INTO `facility` (`id`, `name`, `building_name`, `building_no`, `street`, `city`, `county`, `postcode`, `tel_no`) 
  VALUES ('5e4a83211ffd59.63214101', 'Derby Road Group Practice', null, '27-29', 'Derby Rd', 'Portsmouth', 'Hampshire', 'PO2 8HW', '+442392009265');

/* Role: 3 Default roles */
INSERT INTO `role` (`description`) VALUES ('administrative_staff');
INSERT INTO `role` (`description`) VALUES ('medical_staff');
INSERT INTO `role` (`description`) VALUES ('patient');

/* Account: Different accounts for each role (password = 'test123') */
INSERT INTO `account` (`id`, `email`, `password`, `role_id`, `verified`, `facility_id`) 
  VALUES ('as-5e4685e3c899f1.04316598', 'as1@test.com', '$2y$10$vLmKOHyBeRKCaXap7Xt5nuxc5XoZ1hZjmlIMl/GwK2zL4D2MHpefK', 1, true, '5e4a83211ffd59.63214101');
INSERT INTO `account` (`id`, `email`, `password`, `role_id`, `verified`, `facility_id`) 
  VALUES ('as-5e46873222d123.80231466', 'as2@test.com', '$2y$10$vLmKOHyBeRKCaXap7Xt5nuxc5XoZ1hZjmlIMl/GwK2zL4D2MHpefK', 1, true, '5e4a83211ffd59.63214101');
INSERT INTO `account` (`id`, `email`, `password`, `role_id`, `verified`, `facility_id`) 
  VALUES ('ms-5e4685f6e57722.33264537', 'ms1@test.com', '$2y$10$vLmKOHyBeRKCaXap7Xt5nuxc5XoZ1hZjmlIMl/GwK2zL4D2MHpefK', 2, true, '5e4a83211ffd59.63214101');
INSERT INTO `account` (`id`, `email`, `password`, `role_id`, `verified`, `facility_id`) 
  VALUES ('ms-5e46874b062833.95604018', 'ms2@test.com', '$2y$10$vLmKOHyBeRKCaXap7Xt5nuxc5XoZ1hZjmlIMl/GwK2zL4D2MHpefK', 2, true, '5e4a83211ffd59.63214101');
INSERT INTO `account` (`id`, `email`, `password`, `role_id`, `verified`, `facility_id`) 
  VALUES ('pa-5e4686095092e0.76300630', 'pa1@test.com', '$2y$10$vLmKOHyBeRKCaXap7Xt5nuxc5XoZ1hZjmlIMl/GwK2zL4D2MHpefK', 3, true, '5e4a83211ffd59.63214101');
INSERT INTO `account` (`id`, `email`, `password`, `role_id`, `verified`, `facility_id`) 
  VALUES ('pa-5e46875705e162.50418870', 'pa2@test.com', '$2y$10$vLmKOHyBeRKCaXap7Xt5nuxc5XoZ1hZjmlIMl/GwK2zL4D2MHpefK', 3, true, '5e4a83211ffd59.63214101');
INSERT INTO `account` (`id`, `email`, `password`, `role_id`, `verified`, `facility_id`) 
  VALUES ('pa-5e46876f3d9332.22430483', 'pa3@test.com', '$2y$10$vLmKOHyBeRKCaXap7Xt5nuxc5XoZ1hZjmlIMl/GwK2zL4D2MHpefK', 3, false, '5e4a83211ffd59.63214101');
INSERT INTO `account` (`id`, `email`, `password`, `role_id`, `verified`, `facility_id`) 
  VALUES ('pa-5e468774d36a40.10626920', 'pa4@test.com', '$2y$10$vLmKOHyBeRKCaXap7Xt5nuxc5XoZ1hZjmlIMl/GwK2zL4D2MHpefK', 3, false, '5e4a83211ffd59.63214101');

/* Staff: Different accounts for both roles */
INSERT INTO `staff` (`id`, `title`, `forename`, `surname`, `sex`, `job_title`)
  VALUES ('as-5e4685e3c899f1.04316598', 'Mr', 'Matthew', 'Johnson', 'M', 'Receptionist');
INSERT INTO `staff` (`id`, `title`, `forename`, `surname`, `sex`, `job_title`)
  VALUES ('as-5e46873222d123.80231466', 'Mrs', 'Stacey', 'Rhodes', 'F', 'Receptionist');
INSERT INTO `staff` (`id`, `title`, `forename`, `surname`, `sex`, `job_title`)
  VALUES ('ms-5e4685f6e57722.33264537', 'Dr', 'Jin', 'Xiao', 'M', 'General Practitioner');
INSERT INTO `staff` (`id`, `title`, `forename`, `surname`, `sex`, `job_title`)
  VALUES ('ms-5e46874b062833.95604018', 'Dr', 'Margaret', 'Christchurch', 'F', 'General Practitioner');

/* Next of Kin: Records for each patient record */
INSERT INTO `next_of_kin` (`id`, `relationship`, `title`, `forename`, `surname`, `house_name`, `house_no`, `street`, `city`, `county`, `postcode`, `tel_no`, `mob_no`)
  VALUES ('nk-5e4693079a5e18.63580261', 'Father', 'Mr', 'Nerti', 'Philson', null, '7', 'London Road', 'Southampton', 'Hampshire', 'SO15 2AE', '+447691014037', '+448865738896');
INSERT INTO `next_of_kin` (`id`, `relationship`, `title`, `forename`, `surname`, `house_name`, `house_no`, `street`, `city`, `county`, `postcode`, `tel_no`, `mob_no`)
  VALUES ('nk-5e4693969040c3.17276446', 'Mother', 'Mrs', 'Consolata', 'Haverson', null, '6532', 'Ocean Way', 'Southampton', 'Hampshire', 'SO14 3JT', '+443147151972', '+441112173010');
INSERT INTO `next_of_kin` (`id`, `relationship`, `title`, `forename`, `surname`, `house_name`, `house_no`, `street`, `city`, `county`, `postcode`, `tel_no`, `mob_no`)
  VALUES ('nk-5e4694c3ad45f4.91981040', 'Daughter', 'Ms', 'Elvera', 'Zotto', null, '71', 'Willis Rd', 'Portsmouth', 'Hampshire', 'PO1 1AT', '+449404753184', '+445158412207');
INSERT INTO `next_of_kin` (`id`, `relationship`, `title`, `forename`, `surname`, `house_name`, `house_no`, `street`, `city`, `county`, `postcode`, `tel_no`, `mob_no`)
  VALUES ('nk-5e4694507dc976.27152557', 'Son', 'Dr', 'Kirby', 'Botler', 'The Willows', null, 'Wilson St', 'Gosport', 'Hampshire', 'PO12 4PQ', '+449685024267', '+448489534531');

/* Patient: Different records for each patient account */
INSERT INTO `patient` (`id`, `title`, `forename`, `surname`, `sex`, `date_of_birth`, `house_name`, `house_no`, `street`, `city`, `county`, `postcode`, `tel_no`, `mob_no`, `next_of_kin`, `NHS_no`, `HC_no`, `contact_by_email`,`contact_by_text`)
  VALUES ('pa-5e4686095092e0.76300630', 'Mr', 'David', 'Bowden', 'M', '1990-01-26', null, '12', 'Meyrick Road', 'Portsmouth', 'Hampshire', 'PO2 RJF', '+447691014037', '+448865738896', 'nk-5e4693079a5e18.63580261', '4562594365', null, null, null);
INSERT INTO `patient` (`id`, `title`, `forename`, `surname`, `sex`, `date_of_birth`, `house_name`, `house_no`, `street`, `city`, `county`, `postcode`, `tel_no`, `mob_no`, `next_of_kin`, `NHS_no`, `HC_no`, `contact_by_email`,`contact_by_text`)
  VALUES ('pa-5e46875705e162.50418870', 'Mrs', 'Jeanette', 'Cowles', 'F', '1940-02-12', null, '14', 'Meyrick Road', 'Portsmouth', 'Hampshire', 'PO2 RJF', '+445611214623', '+449869745821', 'nk-5e4693969040c3.17276446', '8074819035', null, null, null);
INSERT INTO `patient` (`id`, `title`, `forename`, `surname`, `sex`, `date_of_birth`, `house_name`, `house_no`, `street`, `city`, `county`, `postcode`, `tel_no`, `mob_no`, `next_of_kin`, `NHS_no`, `HC_no`, `contact_by_email`,`contact_by_text`)
  VALUES ('pa-5e46876f3d9332.22430483', 'Mr', 'Bob', 'Zotto', 'M', '1960-08-18', null, '5888', 'Park Drive', 'Gosport', 'Hampshire', 'PO12 6DR', '+446893649145', '+445171936505', 'nk-5e4694c3ad45f4.91981040', '8586218634', null, null, null);
INSERT INTO `patient` (`id`, `title`, `forename`, `surname`, `sex`, `date_of_birth`, `house_name`, `house_no`, `street`, `city`, `county`, `postcode`, `tel_no`, `mob_no`, `next_of_kin`, `NHS_no`, `HC_no`, `contact_by_email`,`contact_by_text`)
  VALUES ('pa-5e468774d36a40.10626920', 'Ms', 'Shirley', 'Banks', 'F', '1978-12-05', null, '705', 'Cross St', 'Winchester', 'Hampshire', 'SO20 6Pj', '+447102306288', '+445841903874', 'nk-5e4694507dc976.27152557', '4456772352', null, null, null);

/* Slot: Time slots for which patients may make appointment booking requests (Mon, Tue, Wed, Thu, Fri, Sat, and Sun of current week) */
INSERT INTO `slot` (`id`, `start_time`, `end_time`) 
  VALUES ('5e5f9bd4700174.12262196', TIMESTAMP(CONCAT(SUBDATE(CURDATE(), WEEKDAY(CURDATE())), ' 09:00:00')), TIMESTAMP(CONCAT(SUBDATE(CURDATE(), WEEKDAY(CURDATE())), ' 09:10:00')));
INSERT INTO `slot` (`id`, `start_time`, `end_time`) 
  VALUES ('5e5f9bd47001c1.91031235', TIMESTAMP(CONCAT(SUBDATE(CURDATE(), WEEKDAY(CURDATE())), ' 09:10:00')), TIMESTAMP(CONCAT(SUBDATE(CURDATE(), WEEKDAY(CURDATE())), ' 09:20:00')));
INSERT INTO `slot` (`id`, `start_time`, `end_time`) 
  VALUES ('5e5f9bd47001d1.96456823', TIMESTAMP(CONCAT(SUBDATE(CURDATE(), WEEKDAY(CURDATE())), ' 09:20:00')), TIMESTAMP(CONCAT(SUBDATE(CURDATE(), WEEKDAY(CURDATE())), ' 09:30:00')));
INSERT INTO `slot` (`id`, `start_time`, `end_time`) 
  VALUES ('5e5f9bd47001e5.95247456', TIMESTAMP(CONCAT(SUBDATE(CURDATE(), WEEKDAY(CURDATE())), ' 09:30:00')), TIMESTAMP(CONCAT(SUBDATE(CURDATE(), WEEKDAY(CURDATE())), ' 09:40:00')));
INSERT INTO `slot` (`id`, `start_time`, `end_time`) 
  VALUES ('5e5f9bd47001f5.32309261', TIMESTAMP(CONCAT(SUBDATE(CURDATE(), WEEKDAY(CURDATE())), ' 09:40:00')), TIMESTAMP(CONCAT(SUBDATE(CURDATE(), WEEKDAY(CURDATE())), ' 09:50:00')));
INSERT INTO `slot` (`id`, `start_time`, `end_time`) 
  VALUES ('5e5f9bd4700201.70329146', TIMESTAMP(CONCAT(SUBDATE(CURDATE(), WEEKDAY(CURDATE())), ' 09:50:00')), TIMESTAMP(CONCAT(SUBDATE(CURDATE(), WEEKDAY(CURDATE())), ' 10:00:00')));
INSERT INTO `slot` (`id`, `start_time`, `end_time`) 
  VALUES ('5e5f9bd4700213.94939221', TIMESTAMP(CONCAT(SUBDATE(CURDATE(), WEEKDAY(CURDATE())), ' 10:00:00')), TIMESTAMP(CONCAT(SUBDATE(CURDATE(), WEEKDAY(CURDATE())), ' 10:10:00')));
INSERT INTO `slot` (`id`, `start_time`, `end_time`) 
  VALUES ('5e5f9bd4700223.11459087', TIMESTAMP(CONCAT(SUBDATE(CURDATE(), WEEKDAY(CURDATE())), ' 10:10:00')), TIMESTAMP(CONCAT(SUBDATE(CURDATE(), WEEKDAY(CURDATE())), ' 10:20:00')));
INSERT INTO `slot` (`id`, `start_time`, `end_time`) 
  VALUES ('5e5f9bd4700230.47065592', TIMESTAMP(CONCAT(SUBDATE(CURDATE(), WEEKDAY(CURDATE())), ' 10:20:00')), TIMESTAMP(CONCAT(SUBDATE(CURDATE(), WEEKDAY(CURDATE())), ' 10:30:00')));
INSERT INTO `slot` (`id`, `start_time`, `end_time`) 
  VALUES ('5e5f9bd4700245.09717618', TIMESTAMP(CONCAT(SUBDATE(CURDATE(), WEEKDAY(CURDATE())), ' 10:30:00')), TIMESTAMP(CONCAT(SUBDATE(CURDATE(), WEEKDAY(CURDATE())), ' 10:40:00')));
INSERT INTO `slot` (`id`, `start_time`, `end_time`) 
  VALUES ('5e5f9bd4700252.60187231', TIMESTAMP(CONCAT(SUBDATE(CURDATE(), WEEKDAY(CURDATE())), ' 10:40:00')), TIMESTAMP(CONCAT(SUBDATE(CURDATE(), WEEKDAY(CURDATE())), ' 10:50:00')));
INSERT INTO `slot` (`id`, `start_time`, `end_time`) 
  VALUES ('5e5f9bd4700267.77683201', TIMESTAMP(CONCAT(SUBDATE(CURDATE(), WEEKDAY(CURDATE())), ' 10:50:00')), TIMESTAMP(CONCAT(SUBDATE(CURDATE(), WEEKDAY(CURDATE())), ' 11:00:00')));

INSERT INTO `slot` (`id`, `start_time`, `end_time`) 
  VALUES ('5e5f9bd4700270.30601035', TIMESTAMP(CONCAT(SUBDATE(CURDATE(), WEEKDAY(CURDATE()) - 1), ' 09:00:00')), TIMESTAMP(CONCAT(SUBDATE(CURDATE(), WEEKDAY(CURDATE()) - 1), ' 09:10:00')));
INSERT INTO `slot` (`id`, `start_time`, `end_time`) 
  VALUES ('5e5f9bd4700280.55658484', TIMESTAMP(CONCAT(SUBDATE(CURDATE(), WEEKDAY(CURDATE()) - 1), ' 09:10:00')), TIMESTAMP(CONCAT(SUBDATE(CURDATE(), WEEKDAY(CURDATE()) - 1), ' 09:20:00')));
INSERT INTO `slot` (`id`, `start_time`, `end_time`) 
  VALUES ('5e5f9bd4700290.42187533', TIMESTAMP(CONCAT(SUBDATE(CURDATE(), WEEKDAY(CURDATE()) - 1), ' 09:20:00')), TIMESTAMP(CONCAT(SUBDATE(CURDATE(), WEEKDAY(CURDATE()) - 1), ' 09:30:00')));
INSERT INTO `slot` (`id`, `start_time`, `end_time`) 
  VALUES ('5e5f9bd47002a5.09197727', TIMESTAMP(CONCAT(SUBDATE(CURDATE(), WEEKDAY(CURDATE()) - 1), ' 09:30:00')), TIMESTAMP(CONCAT(SUBDATE(CURDATE(), WEEKDAY(CURDATE()) - 1), ' 09:40:00')));
INSERT INTO `slot` (`id`, `start_time`, `end_time`) 
  VALUES ('5e5f9bd47002b3.52547517', TIMESTAMP(CONCAT(SUBDATE(CURDATE(), WEEKDAY(CURDATE()) - 1), ' 09:40:00')), TIMESTAMP(CONCAT(SUBDATE(CURDATE(), WEEKDAY(CURDATE()) - 1), ' 09:50:00')));
INSERT INTO `slot` (`id`, `start_time`, `end_time`) 
  VALUES ('5e5f9bd47002c4.65175032', TIMESTAMP(CONCAT(SUBDATE(CURDATE(), WEEKDAY(CURDATE()) - 1), ' 09:50:00')), TIMESTAMP(CONCAT(SUBDATE(CURDATE(), WEEKDAY(CURDATE()) - 1), ' 10:00:00')));
INSERT INTO `slot` (`id`, `start_time`, `end_time`) 
  VALUES ('5e5f9bd47002d6.95115050', TIMESTAMP(CONCAT(SUBDATE(CURDATE(), WEEKDAY(CURDATE()) - 1), ' 10:00:00')), TIMESTAMP(CONCAT(SUBDATE(CURDATE(), WEEKDAY(CURDATE()) - 1), ' 10:10:00')));
INSERT INTO `slot` (`id`, `start_time`, `end_time`) 
  VALUES ('5e5f9bd47002e4.68573828', TIMESTAMP(CONCAT(SUBDATE(CURDATE(), WEEKDAY(CURDATE()) - 1), ' 10:10:00')), TIMESTAMP(CONCAT(SUBDATE(CURDATE(), WEEKDAY(CURDATE()) - 1), ' 10:20:00')));
INSERT INTO `slot` (`id`, `start_time`, `end_time`) 
  VALUES ('5e5f9bd47002f7.30764070', TIMESTAMP(CONCAT(SUBDATE(CURDATE(), WEEKDAY(CURDATE()) - 1), ' 10:20:00')), TIMESTAMP(CONCAT(SUBDATE(CURDATE(), WEEKDAY(CURDATE()) - 1), ' 10:30:00')));
INSERT INTO `slot` (`id`, `start_time`, `end_time`) 
  VALUES ('5e5f9bd4700308.19636337', TIMESTAMP(CONCAT(SUBDATE(CURDATE(), WEEKDAY(CURDATE()) - 1), ' 10:30:00')), TIMESTAMP(CONCAT(SUBDATE(CURDATE(), WEEKDAY(CURDATE()) - 1), ' 10:40:00')));
INSERT INTO `slot` (`id`, `start_time`, `end_time`) 
  VALUES ('5e5f9bd4700314.49969519', TIMESTAMP(CONCAT(SUBDATE(CURDATE(), WEEKDAY(CURDATE()) - 1), ' 10:40:00')), TIMESTAMP(CONCAT(SUBDATE(CURDATE(), WEEKDAY(CURDATE()) - 1), ' 10:50:00')));
INSERT INTO `slot` (`id`, `start_time`, `end_time`) 
  VALUES ('5e5f9bd4700322.42011059', TIMESTAMP(CONCAT(SUBDATE(CURDATE(), WEEKDAY(CURDATE()) - 1), ' 10:50:00')), TIMESTAMP(CONCAT(SUBDATE(CURDATE(), WEEKDAY(CURDATE()) - 1), ' 11:00:00')));

INSERT INTO `slot` (`id`, `start_time`, `end_time`) 
  VALUES ('5e5f9bd4700330.92202765', TIMESTAMP(CONCAT(SUBDATE(CURDATE(), WEEKDAY(CURDATE()) - 2), ' 09:00:00')), TIMESTAMP(CONCAT(SUBDATE(CURDATE(), WEEKDAY(CURDATE()) - 2), ' 09:10:00')));
INSERT INTO `slot` (`id`, `start_time`, `end_time`) 
  VALUES ('5e5f9bd4700343.15345331', TIMESTAMP(CONCAT(SUBDATE(CURDATE(), WEEKDAY(CURDATE()) - 2), ' 09:10:00')), TIMESTAMP(CONCAT(SUBDATE(CURDATE(), WEEKDAY(CURDATE()) - 2), ' 09:20:00')));
INSERT INTO `slot` (`id`, `start_time`, `end_time`) 
  VALUES ('5e5f9bd4700355.36260025', TIMESTAMP(CONCAT(SUBDATE(CURDATE(), WEEKDAY(CURDATE()) - 2), ' 09:20:00')), TIMESTAMP(CONCAT(SUBDATE(CURDATE(), WEEKDAY(CURDATE()) - 2), ' 09:30:00')));
INSERT INTO `slot` (`id`, `start_time`, `end_time`) 
  VALUES ('5e5f9bd4700368.97567150', TIMESTAMP(CONCAT(SUBDATE(CURDATE(), WEEKDAY(CURDATE()) - 2), ' 09:30:00')), TIMESTAMP(CONCAT(SUBDATE(CURDATE(), WEEKDAY(CURDATE()) - 2), ' 09:40:00')));
INSERT INTO `slot` (`id`, `start_time`, `end_time`) 
  VALUES ('5e5f9bd4700374.36143190', TIMESTAMP(CONCAT(SUBDATE(CURDATE(), WEEKDAY(CURDATE()) - 2), ' 09:40:00')), TIMESTAMP(CONCAT(SUBDATE(CURDATE(), WEEKDAY(CURDATE()) - 2), ' 09:50:00')));
INSERT INTO `slot` (`id`, `start_time`, `end_time`) 
  VALUES ('5e5f9bd4700381.03135929', TIMESTAMP(CONCAT(SUBDATE(CURDATE(), WEEKDAY(CURDATE()) - 2), ' 09:50:00')), TIMESTAMP(CONCAT(SUBDATE(CURDATE(), WEEKDAY(CURDATE()) - 2), ' 10:00:00')));
INSERT INTO `slot` (`id`, `start_time`, `end_time`) 
  VALUES ('5e5f9bd4700394.67012892', TIMESTAMP(CONCAT(SUBDATE(CURDATE(), WEEKDAY(CURDATE()) - 2), ' 10:00:00')), TIMESTAMP(CONCAT(SUBDATE(CURDATE(), WEEKDAY(CURDATE()) - 2), ' 10:10:00')));
INSERT INTO `slot` (`id`, `start_time`, `end_time`) 
  VALUES ('5e5f9bd47003a9.20211607', TIMESTAMP(CONCAT(SUBDATE(CURDATE(), WEEKDAY(CURDATE()) - 2), ' 10:10:00')), TIMESTAMP(CONCAT(SUBDATE(CURDATE(), WEEKDAY(CURDATE()) - 2), ' 10:20:00')));
INSERT INTO `slot` (`id`, `start_time`, `end_time`) 
  VALUES ('5e5f9bd47003b6.59226417', TIMESTAMP(CONCAT(SUBDATE(CURDATE(), WEEKDAY(CURDATE()) - 2), ' 10:20:00')), TIMESTAMP(CONCAT(SUBDATE(CURDATE(), WEEKDAY(CURDATE()) - 2), ' 10:30:00')));
INSERT INTO `slot` (`id`, `start_time`, `end_time`) 
  VALUES ('5e5f9bd47003c2.43798754', TIMESTAMP(CONCAT(SUBDATE(CURDATE(), WEEKDAY(CURDATE()) - 2), ' 10:30:00')), TIMESTAMP(CONCAT(SUBDATE(CURDATE(), WEEKDAY(CURDATE()) - 2), ' 10:40:00')));
INSERT INTO `slot` (`id`, `start_time`, `end_time`) 
  VALUES ('5e5f9bd47003d6.61386784', TIMESTAMP(CONCAT(SUBDATE(CURDATE(), WEEKDAY(CURDATE()) - 2), ' 10:40:00')), TIMESTAMP(CONCAT(SUBDATE(CURDATE(), WEEKDAY(CURDATE()) - 2), ' 10:50:00')));
INSERT INTO `slot` (`id`, `start_time`, `end_time`) 
  VALUES ('5e5f9bd47003e3.33449814', TIMESTAMP(CONCAT(SUBDATE(CURDATE(), WEEKDAY(CURDATE()) - 2), ' 10:50:00')), TIMESTAMP(CONCAT(SUBDATE(CURDATE(), WEEKDAY(CURDATE()) - 2), ' 11:00:00')));

INSERT INTO `slot` (`id`, `start_time`, `end_time`) 
  VALUES ('5e5f9bd47003f1.85041802', TIMESTAMP(CONCAT(SUBDATE(CURDATE(), WEEKDAY(CURDATE()) - 3), ' 09:00:00')), TIMESTAMP(CONCAT(SUBDATE(CURDATE(), WEEKDAY(CURDATE()) - 3), ' 09:10:00')));
INSERT INTO `slot` (`id`, `start_time`, `end_time`) 
  VALUES ('5e5f9bd4700403.34165086', TIMESTAMP(CONCAT(SUBDATE(CURDATE(), WEEKDAY(CURDATE()) - 3), ' 09:10:00')), TIMESTAMP(CONCAT(SUBDATE(CURDATE(), WEEKDAY(CURDATE()) - 3), ' 09:20:00')));
INSERT INTO `slot` (`id`, `start_time`, `end_time`) 
  VALUES ('5e5f9bd4700417.69916221', TIMESTAMP(CONCAT(SUBDATE(CURDATE(), WEEKDAY(CURDATE()) - 3), ' 09:20:00')), TIMESTAMP(CONCAT(SUBDATE(CURDATE(), WEEKDAY(CURDATE()) - 3), ' 09:30:00')));
INSERT INTO `slot` (`id`, `start_time`, `end_time`) 
  VALUES ('5e5f9bd4700426.30417125', TIMESTAMP(CONCAT(SUBDATE(CURDATE(), WEEKDAY(CURDATE()) - 3), ' 09:30:00')), TIMESTAMP(CONCAT(SUBDATE(CURDATE(), WEEKDAY(CURDATE()) - 3), ' 09:40:00')));
INSERT INTO `slot` (`id`, `start_time`, `end_time`) 
  VALUES ('5e5f9bd4700430.96610488', TIMESTAMP(CONCAT(SUBDATE(CURDATE(), WEEKDAY(CURDATE()) - 3), ' 09:40:00')), TIMESTAMP(CONCAT(SUBDATE(CURDATE(), WEEKDAY(CURDATE()) - 3), ' 09:50:00')));
INSERT INTO `slot` (`id`, `start_time`, `end_time`) 
  VALUES ('5e5f9bd4700446.44916200', TIMESTAMP(CONCAT(SUBDATE(CURDATE(), WEEKDAY(CURDATE()) - 3), ' 09:50:00')), TIMESTAMP(CONCAT(SUBDATE(CURDATE(), WEEKDAY(CURDATE()) - 3), ' 10:00:00')));
INSERT INTO `slot` (`id`, `start_time`, `end_time`) 
  VALUES ('5e5f9bd4700459.06846302', TIMESTAMP(CONCAT(SUBDATE(CURDATE(), WEEKDAY(CURDATE()) - 3), ' 10:00:00')), TIMESTAMP(CONCAT(SUBDATE(CURDATE(), WEEKDAY(CURDATE()) - 3), ' 10:10:00')));
INSERT INTO `slot` (`id`, `start_time`, `end_time`) 
  VALUES ('5e5f9bd4700462.39672744', TIMESTAMP(CONCAT(SUBDATE(CURDATE(), WEEKDAY(CURDATE()) - 3), ' 10:10:00')), TIMESTAMP(CONCAT(SUBDATE(CURDATE(), WEEKDAY(CURDATE()) - 3), ' 10:20:00')));
INSERT INTO `slot` (`id`, `start_time`, `end_time`) 
  VALUES ('5e5f9bd4700475.76716563', TIMESTAMP(CONCAT(SUBDATE(CURDATE(), WEEKDAY(CURDATE()) - 3), ' 10:20:00')), TIMESTAMP(CONCAT(SUBDATE(CURDATE(), WEEKDAY(CURDATE()) - 3), ' 10:30:00')));
INSERT INTO `slot` (`id`, `start_time`, `end_time`) 
  VALUES ('5e5f9bd4700487.71335715', TIMESTAMP(CONCAT(SUBDATE(CURDATE(), WEEKDAY(CURDATE()) - 3), ' 10:30:00')), TIMESTAMP(CONCAT(SUBDATE(CURDATE(), WEEKDAY(CURDATE()) - 3), ' 10:40:00')));
INSERT INTO `slot` (`id`, `start_time`, `end_time`) 
  VALUES ('5e5f9bd4700496.79719224', TIMESTAMP(CONCAT(SUBDATE(CURDATE(), WEEKDAY(CURDATE()) - 3), ' 10:40:00')), TIMESTAMP(CONCAT(SUBDATE(CURDATE(), WEEKDAY(CURDATE()) - 3), ' 10:50:00')));
INSERT INTO `slot` (`id`, `start_time`, `end_time`) 
  VALUES ('5e5f9bd47004a6.55914235', TIMESTAMP(CONCAT(SUBDATE(CURDATE(), WEEKDAY(CURDATE()) - 3), ' 10:50:00')), TIMESTAMP(CONCAT(SUBDATE(CURDATE(), WEEKDAY(CURDATE()) - 3), ' 11:00:00')));

INSERT INTO `slot` (`id`, `start_time`, `end_time`) 
  VALUES ('5e5f9bd47004b7.86034960', TIMESTAMP(CONCAT(SUBDATE(CURDATE(), WEEKDAY(CURDATE()) - 4), ' 09:00:00')), TIMESTAMP(CONCAT(SUBDATE(CURDATE(), WEEKDAY(CURDATE()) - 4), ' 09:10:00')));
INSERT INTO `slot` (`id`, `start_time`, `end_time`) 
  VALUES ('5e5f9bd47004c3.42095722', TIMESTAMP(CONCAT(SUBDATE(CURDATE(), WEEKDAY(CURDATE()) - 4), ' 09:10:00')), TIMESTAMP(CONCAT(SUBDATE(CURDATE(), WEEKDAY(CURDATE()) - 4), ' 09:20:00')));
INSERT INTO `slot` (`id`, `start_time`, `end_time`) 
  VALUES ('5e5f9bd47004d6.86952692', TIMESTAMP(CONCAT(SUBDATE(CURDATE(), WEEKDAY(CURDATE()) - 4), ' 09:20:00')), TIMESTAMP(CONCAT(SUBDATE(CURDATE(), WEEKDAY(CURDATE()) - 4), ' 09:30:00')));
INSERT INTO `slot` (`id`, `start_time`, `end_time`) 
  VALUES ('5e5f9bd47004e8.17831044', TIMESTAMP(CONCAT(SUBDATE(CURDATE(), WEEKDAY(CURDATE()) - 4), ' 09:30:00')), TIMESTAMP(CONCAT(SUBDATE(CURDATE(), WEEKDAY(CURDATE()) - 4), ' 09:40:00')));
INSERT INTO `slot` (`id`, `start_time`, `end_time`) 
  VALUES ('5e5f9bd47004f8.36142053', TIMESTAMP(CONCAT(SUBDATE(CURDATE(), WEEKDAY(CURDATE()) - 4), ' 09:40:00')), TIMESTAMP(CONCAT(SUBDATE(CURDATE(), WEEKDAY(CURDATE()) - 4), ' 09:50:00')));
INSERT INTO `slot` (`id`, `start_time`, `end_time`) 
  VALUES ('5e5f9bd4700507.80572271', TIMESTAMP(CONCAT(SUBDATE(CURDATE(), WEEKDAY(CURDATE()) - 4), ' 09:50:00')), TIMESTAMP(CONCAT(SUBDATE(CURDATE(), WEEKDAY(CURDATE()) - 4), ' 10:00:00')));
INSERT INTO `slot` (`id`, `start_time`, `end_time`) 
  VALUES ('5e5f9bd4700514.73018141', TIMESTAMP(CONCAT(SUBDATE(CURDATE(), WEEKDAY(CURDATE()) - 4), ' 10:00:00')), TIMESTAMP(CONCAT(SUBDATE(CURDATE(), WEEKDAY(CURDATE()) - 4), ' 10:10:00')));
INSERT INTO `slot` (`id`, `start_time`, `end_time`) 
  VALUES ('5e5f9bd4700528.79898461', TIMESTAMP(CONCAT(SUBDATE(CURDATE(), WEEKDAY(CURDATE()) - 4), ' 10:10:00')), TIMESTAMP(CONCAT(SUBDATE(CURDATE(), WEEKDAY(CURDATE()) - 4), ' 10:20:00')));
INSERT INTO `slot` (`id`, `start_time`, `end_time`) 
  VALUES ('5e5f9bd4700535.15002941', TIMESTAMP(CONCAT(SUBDATE(CURDATE(), WEEKDAY(CURDATE()) - 4), ' 10:20:00')), TIMESTAMP(CONCAT(SUBDATE(CURDATE(), WEEKDAY(CURDATE()) - 4), ' 10:30:00')));
INSERT INTO `slot` (`id`, `start_time`, `end_time`) 
  VALUES ('5e5f9bd4700547.97117112', TIMESTAMP(CONCAT(SUBDATE(CURDATE(), WEEKDAY(CURDATE()) - 4), ' 10:30:00')), TIMESTAMP(CONCAT(SUBDATE(CURDATE(), WEEKDAY(CURDATE()) - 4), ' 10:40:00')));
INSERT INTO `slot` (`id`, `start_time`, `end_time`) 
  VALUES ('5e5f9bd4700556.51023669', TIMESTAMP(CONCAT(SUBDATE(CURDATE(), WEEKDAY(CURDATE()) - 4), ' 10:40:00')), TIMESTAMP(CONCAT(SUBDATE(CURDATE(), WEEKDAY(CURDATE()) - 4), ' 10:50:00')));
INSERT INTO `slot` (`id`, `start_time`, `end_time`) 
  VALUES ('5e5f9bd4700568.40103706', TIMESTAMP(CONCAT(SUBDATE(CURDATE(), WEEKDAY(CURDATE()) - 4), ' 10:50:00')), TIMESTAMP(CONCAT(SUBDATE(CURDATE(), WEEKDAY(CURDATE()) - 4), ' 11:00:00')));

INSERT INTO `slot` (`id`, `start_time`, `end_time`) 
  VALUES ('5e5f9bd4700572.01748242', TIMESTAMP(CONCAT(SUBDATE(CURDATE(), WEEKDAY(CURDATE()) - 5), ' 09:00:00')), TIMESTAMP(CONCAT(SUBDATE(CURDATE(), WEEKDAY(CURDATE()) - 5), ' 09:10:00')));
INSERT INTO `slot` (`id`, `start_time`, `end_time`) 
  VALUES ('5e5f9bd4700583.37604776', TIMESTAMP(CONCAT(SUBDATE(CURDATE(), WEEKDAY(CURDATE()) - 5), ' 09:10:00')), TIMESTAMP(CONCAT(SUBDATE(CURDATE(), WEEKDAY(CURDATE()) - 5), ' 09:20:00')));
INSERT INTO `slot` (`id`, `start_time`, `end_time`) 
  VALUES ('5e5f9bd4700592.80393715', TIMESTAMP(CONCAT(SUBDATE(CURDATE(), WEEKDAY(CURDATE()) - 5), ' 09:20:00')), TIMESTAMP(CONCAT(SUBDATE(CURDATE(), WEEKDAY(CURDATE()) - 5), ' 09:30:00')));
INSERT INTO `slot` (`id`, `start_time`, `end_time`) 
  VALUES ('5e5f9bd47005a7.58822409', TIMESTAMP(CONCAT(SUBDATE(CURDATE(), WEEKDAY(CURDATE()) - 5), ' 09:30:00')), TIMESTAMP(CONCAT(SUBDATE(CURDATE(), WEEKDAY(CURDATE()) - 5), ' 09:40:00')));
INSERT INTO `slot` (`id`, `start_time`, `end_time`) 
  VALUES ('5e5f9bd47005b4.39278555', TIMESTAMP(CONCAT(SUBDATE(CURDATE(), WEEKDAY(CURDATE()) - 5), ' 09:40:00')), TIMESTAMP(CONCAT(SUBDATE(CURDATE(), WEEKDAY(CURDATE()) - 5), ' 09:50:00')));
INSERT INTO `slot` (`id`, `start_time`, `end_time`) 
  VALUES ('5e5f9bd47005c3.44444612', TIMESTAMP(CONCAT(SUBDATE(CURDATE(), WEEKDAY(CURDATE()) - 5), ' 09:50:00')), TIMESTAMP(CONCAT(SUBDATE(CURDATE(), WEEKDAY(CURDATE()) - 5), ' 10:00:00')));
INSERT INTO `slot` (`id`, `start_time`, `end_time`) 
  VALUES ('5e5f9bd47005d5.19083799', TIMESTAMP(CONCAT(SUBDATE(CURDATE(), WEEKDAY(CURDATE()) - 5), ' 10:00:00')), TIMESTAMP(CONCAT(SUBDATE(CURDATE(), WEEKDAY(CURDATE()) - 5), ' 10:10:00')));
INSERT INTO `slot` (`id`, `start_time`, `end_time`) 
  VALUES ('5e5f9bd47005e9.79969646', TIMESTAMP(CONCAT(SUBDATE(CURDATE(), WEEKDAY(CURDATE()) - 5), ' 10:10:00')), TIMESTAMP(CONCAT(SUBDATE(CURDATE(), WEEKDAY(CURDATE()) - 5), ' 10:20:00')));
INSERT INTO `slot` (`id`, `start_time`, `end_time`) 
  VALUES ('5e5f9bd47005f7.04600528', TIMESTAMP(CONCAT(SUBDATE(CURDATE(), WEEKDAY(CURDATE()) - 5), ' 10:20:00')), TIMESTAMP(CONCAT(SUBDATE(CURDATE(), WEEKDAY(CURDATE()) - 5), ' 10:30:00')));
INSERT INTO `slot` (`id`, `start_time`, `end_time`) 
  VALUES ('5e5f9bd4700603.19468974', TIMESTAMP(CONCAT(SUBDATE(CURDATE(), WEEKDAY(CURDATE()) - 5), ' 10:30:00')), TIMESTAMP(CONCAT(SUBDATE(CURDATE(), WEEKDAY(CURDATE()) - 5), ' 10:40:00')));
INSERT INTO `slot` (`id`, `start_time`, `end_time`) 
  VALUES ('5e5f9bd4700613.99979173', TIMESTAMP(CONCAT(SUBDATE(CURDATE(), WEEKDAY(CURDATE()) - 5), ' 10:40:00')), TIMESTAMP(CONCAT(SUBDATE(CURDATE(), WEEKDAY(CURDATE()) - 5), ' 10:50:00')));
INSERT INTO `slot` (`id`, `start_time`, `end_time`) 
  VALUES ('5e5f9bd4700621.76116134', TIMESTAMP(CONCAT(SUBDATE(CURDATE(), WEEKDAY(CURDATE()) - 5), ' 10:50:00')), TIMESTAMP(CONCAT(SUBDATE(CURDATE(), WEEKDAY(CURDATE()) - 5), ' 11:00:00')));

INSERT INTO `slot` (`id`, `start_time`, `end_time`) 
  VALUES ('5e5f9bd4700634.70531922', TIMESTAMP(CONCAT(SUBDATE(CURDATE(), WEEKDAY(CURDATE()) - 6), ' 09:00:00')), TIMESTAMP(CONCAT(SUBDATE(CURDATE(), WEEKDAY(CURDATE()) - 6), ' 09:10:00')));
INSERT INTO `slot` (`id`, `start_time`, `end_time`) 
  VALUES ('5e5f9bd4700641.76627722', TIMESTAMP(CONCAT(SUBDATE(CURDATE(), WEEKDAY(CURDATE()) - 6), ' 09:10:00')), TIMESTAMP(CONCAT(SUBDATE(CURDATE(), WEEKDAY(CURDATE()) - 6), ' 09:20:00')));
INSERT INTO `slot` (`id`, `start_time`, `end_time`) 
  VALUES ('5e5f9bd4700655.33443223', TIMESTAMP(CONCAT(SUBDATE(CURDATE(), WEEKDAY(CURDATE()) - 6), ' 09:20:00')), TIMESTAMP(CONCAT(SUBDATE(CURDATE(), WEEKDAY(CURDATE()) - 6), ' 09:30:00')));
INSERT INTO `slot` (`id`, `start_time`, `end_time`) 
  VALUES ('5e5f9bd4700668.11306931', TIMESTAMP(CONCAT(SUBDATE(CURDATE(), WEEKDAY(CURDATE()) - 6), ' 09:30:00')), TIMESTAMP(CONCAT(SUBDATE(CURDATE(), WEEKDAY(CURDATE()) - 6), ' 09:40:00')));
INSERT INTO `slot` (`id`, `start_time`, `end_time`) 
  VALUES ('5e5f9bd4700670.79867069', TIMESTAMP(CONCAT(SUBDATE(CURDATE(), WEEKDAY(CURDATE()) - 6), ' 09:40:00')), TIMESTAMP(CONCAT(SUBDATE(CURDATE(), WEEKDAY(CURDATE()) - 6), ' 09:50:00')));
INSERT INTO `slot` (`id`, `start_time`, `end_time`) 
  VALUES ('5e5f9bd4700685.48043933', TIMESTAMP(CONCAT(SUBDATE(CURDATE(), WEEKDAY(CURDATE()) - 6), ' 09:50:00')), TIMESTAMP(CONCAT(SUBDATE(CURDATE(), WEEKDAY(CURDATE()) - 6), ' 10:00:00')));
INSERT INTO `slot` (`id`, `start_time`, `end_time`) 
  VALUES ('5e5f9bd4700698.93454644', TIMESTAMP(CONCAT(SUBDATE(CURDATE(), WEEKDAY(CURDATE()) - 6), ' 10:00:00')), TIMESTAMP(CONCAT(SUBDATE(CURDATE(), WEEKDAY(CURDATE()) - 6), ' 10:10:00')));
INSERT INTO `slot` (`id`, `start_time`, `end_time`) 
  VALUES ('5e5f9bd47006a9.49433144', TIMESTAMP(CONCAT(SUBDATE(CURDATE(), WEEKDAY(CURDATE()) - 6), ' 10:10:00')), TIMESTAMP(CONCAT(SUBDATE(CURDATE(), WEEKDAY(CURDATE()) - 6), ' 10:20:00')));
INSERT INTO `slot` (`id`, `start_time`, `end_time`) 
  VALUES ('5e5f9bd47006b6.95461734', TIMESTAMP(CONCAT(SUBDATE(CURDATE(), WEEKDAY(CURDATE()) - 6), ' 10:20:00')), TIMESTAMP(CONCAT(SUBDATE(CURDATE(), WEEKDAY(CURDATE()) - 6), ' 10:30:00')));
INSERT INTO `slot` (`id`, `start_time`, `end_time`) 
  VALUES ('5e5f9bd47006c2.15319743', TIMESTAMP(CONCAT(SUBDATE(CURDATE(), WEEKDAY(CURDATE()) - 6), ' 10:30:00')), TIMESTAMP(CONCAT(SUBDATE(CURDATE(), WEEKDAY(CURDATE()) - 6), ' 10:40:00')));
INSERT INTO `slot` (`id`, `start_time`, `end_time`) 
  VALUES ('5e5f9bd47006d7.82257086', TIMESTAMP(CONCAT(SUBDATE(CURDATE(), WEEKDAY(CURDATE()) - 6), ' 10:40:00')), TIMESTAMP(CONCAT(SUBDATE(CURDATE(), WEEKDAY(CURDATE()) - 6), ' 10:50:00')));
INSERT INTO `slot` (`id`, `start_time`, `end_time`) 
  VALUES ('5e5f9bd47006e4.04775992', TIMESTAMP(CONCAT(SUBDATE(CURDATE(), WEEKDAY(CURDATE()) - 6), ' 10:50:00')), TIMESTAMP(CONCAT(SUBDATE(CURDATE(), WEEKDAY(CURDATE()) - 6), ' 11:00:00')));

-- 1 week ahead
INSERT INTO `slot` (`id`, `start_time`, `end_time`) 
  VALUES ('5e660dcda05e97.76072091', TIMESTAMP(CONCAT(SUBDATE(CURDATE() + INTERVAL 1 WEEK, WEEKDAY(CURDATE() + INTERVAL 1 WEEK)), ' 09:00:00')), 
    TIMESTAMP(CONCAT(SUBDATE(CURDATE() + INTERVAL 1 WEEK, WEEKDAY(CURDATE() + INTERVAL 1 WEEK)), ' 09:10:00')));
INSERT INTO `slot` (`id`, `start_time`, `end_time`) 
  VALUES ('5e660dcda05fa6.30978386', TIMESTAMP(CONCAT(SUBDATE(CURDATE() + INTERVAL 1 WEEK, WEEKDAY(CURDATE() + INTERVAL 1 WEEK)), ' 09:10:00')), 
    TIMESTAMP(CONCAT(SUBDATE(CURDATE() + INTERVAL 1 WEEK, WEEKDAY(CURDATE() + INTERVAL 1 WEEK)), ' 09:20:00')));
INSERT INTO `slot` (`id`, `start_time`, `end_time`) 
  VALUES ('5e660dcda05fe8.15336455', TIMESTAMP(CONCAT(SUBDATE(CURDATE() + INTERVAL 1 WEEK, WEEKDAY(CURDATE() + INTERVAL 1 WEEK)), ' 09:20:00')), 
    TIMESTAMP(CONCAT(SUBDATE(CURDATE() + INTERVAL 1 WEEK, WEEKDAY(CURDATE() + INTERVAL 1 WEEK)), ' 09:30:00')));
INSERT INTO `slot` (`id`, `start_time`, `end_time`) 
  VALUES ('5e660dcda06013.12481526', TIMESTAMP(CONCAT(SUBDATE(CURDATE() + INTERVAL 1 WEEK, WEEKDAY(CURDATE() + INTERVAL 1 WEEK)), ' 09:30:00')), 
    TIMESTAMP(CONCAT(SUBDATE(CURDATE() + INTERVAL 1 WEEK, WEEKDAY(CURDATE() + INTERVAL 1 WEEK)), ' 09:40:00')));
INSERT INTO `slot` (`id`, `start_time`, `end_time`) 
  VALUES ('5e660dcda06059.06648636', TIMESTAMP(CONCAT(SUBDATE(CURDATE() + INTERVAL 1 WEEK, WEEKDAY(CURDATE() + INTERVAL 1 WEEK)), ' 09:40:00')), 
    TIMESTAMP(CONCAT(SUBDATE(CURDATE() + INTERVAL 1 WEEK, WEEKDAY(CURDATE() + INTERVAL 1 WEEK)), ' 09:50:00')));
INSERT INTO `slot` (`id`, `start_time`, `end_time`) 
  VALUES ('5e660dcda06087.33758496', TIMESTAMP(CONCAT(SUBDATE(CURDATE() + INTERVAL 1 WEEK, WEEKDAY(CURDATE() + INTERVAL 1 WEEK)), ' 09:50:00')), 
    TIMESTAMP(CONCAT(SUBDATE(CURDATE() + INTERVAL 1 WEEK, WEEKDAY(CURDATE() + INTERVAL 1 WEEK)), ' 10:00:00')));

INSERT INTO `slot` (`id`, `start_time`, `end_time`) 
  VALUES ('5e660eadc50c67.58518387', TIMESTAMP(CONCAT(SUBDATE(CURDATE() + INTERVAL 1 WEEK, WEEKDAY(CURDATE() + INTERVAL 1 WEEK) - 1), ' 09:00:00')), 
    TIMESTAMP(CONCAT(SUBDATE(CURDATE() + INTERVAL 1 WEEK, WEEKDAY(CURDATE() + INTERVAL 1 WEEK) - 1), ' 09:10:00')));
INSERT INTO `slot` (`id`, `start_time`, `end_time`) 
  VALUES ('5e660eadc50d75.32257299', TIMESTAMP(CONCAT(SUBDATE(CURDATE() + INTERVAL 1 WEEK, WEEKDAY(CURDATE() + INTERVAL 1 WEEK) - 1), ' 09:10:00')), 
    TIMESTAMP(CONCAT(SUBDATE(CURDATE() + INTERVAL 1 WEEK, WEEKDAY(CURDATE() + INTERVAL 1 WEEK) - 1), ' 09:20:00')));
INSERT INTO `slot` (`id`, `start_time`, `end_time`) 
  VALUES ('5e660eadc50db1.33413617', TIMESTAMP(CONCAT(SUBDATE(CURDATE() + INTERVAL 1 WEEK, WEEKDAY(CURDATE() + INTERVAL 1 WEEK) - 1), ' 09:20:00')), 
    TIMESTAMP(CONCAT(SUBDATE(CURDATE() + INTERVAL 1 WEEK, WEEKDAY(CURDATE() + INTERVAL 1 WEEK) - 1), ' 09:30:00')));
INSERT INTO `slot` (`id`, `start_time`, `end_time`) 
  VALUES ('5e660eadc50df8.33749354', TIMESTAMP(CONCAT(SUBDATE(CURDATE() + INTERVAL 1 WEEK, WEEKDAY(CURDATE() + INTERVAL 1 WEEK) - 1), ' 09:30:00')), 
    TIMESTAMP(CONCAT(SUBDATE(CURDATE() + INTERVAL 1 WEEK, WEEKDAY(CURDATE() + INTERVAL 1 WEEK) - 1), ' 09:40:00')));
INSERT INTO `slot` (`id`, `start_time`, `end_time`) 
  VALUES ('5e660eadc50e22.55842742', TIMESTAMP(CONCAT(SUBDATE(CURDATE() + INTERVAL 1 WEEK, WEEKDAY(CURDATE() + INTERVAL 1 WEEK) - 1), ' 09:40:00')), 
    TIMESTAMP(CONCAT(SUBDATE(CURDATE() + INTERVAL 1 WEEK, WEEKDAY(CURDATE() + INTERVAL 1 WEEK) - 1), ' 09:50:00')));
INSERT INTO `slot` (`id`, `start_time`, `end_time`) 
  VALUES ('5e660eadc50e57.95404883', TIMESTAMP(CONCAT(SUBDATE(CURDATE() + INTERVAL 1 WEEK, WEEKDAY(CURDATE() + INTERVAL 1 WEEK) - 1), ' 09:50:00')), 
    TIMESTAMP(CONCAT(SUBDATE(CURDATE() + INTERVAL 1 WEEK, WEEKDAY(CURDATE() + INTERVAL 1 WEEK) - 1), ' 10:00:00')));

INSERT INTO `slot` (`id`, `start_time`, `end_time`) 
  VALUES ('5e660eadc50e84.59190666', TIMESTAMP(CONCAT(SUBDATE(CURDATE() + INTERVAL 1 WEEK, WEEKDAY(CURDATE() + INTERVAL 1 WEEK) - 2), ' 09:00:00')), 
    TIMESTAMP(CONCAT(SUBDATE(CURDATE() + INTERVAL 1 WEEK, WEEKDAY(CURDATE() + INTERVAL 1 WEEK) - 2), ' 09:10:00')));
INSERT INTO `slot` (`id`, `start_time`, `end_time`) 
  VALUES ('5e660eadc50eb6.15741362', TIMESTAMP(CONCAT(SUBDATE(CURDATE() + INTERVAL 1 WEEK, WEEKDAY(CURDATE() + INTERVAL 1 WEEK) - 2), ' 09:10:00')), 
    TIMESTAMP(CONCAT(SUBDATE(CURDATE() + INTERVAL 1 WEEK, WEEKDAY(CURDATE() + INTERVAL 1 WEEK) - 2), ' 09:20:00')));
INSERT INTO `slot` (`id`, `start_time`, `end_time`) 
  VALUES ('5e660eadc50ee7.34853046', TIMESTAMP(CONCAT(SUBDATE(CURDATE() + INTERVAL 1 WEEK, WEEKDAY(CURDATE() + INTERVAL 1 WEEK) - 2), ' 09:20:00')), 
    TIMESTAMP(CONCAT(SUBDATE(CURDATE() + INTERVAL 1 WEEK, WEEKDAY(CURDATE() + INTERVAL 1 WEEK) - 2), ' 09:30:00')));
INSERT INTO `slot` (`id`, `start_time`, `end_time`) 
  VALUES ('5e660eadc50f24.84810536', TIMESTAMP(CONCAT(SUBDATE(CURDATE() + INTERVAL 1 WEEK, WEEKDAY(CURDATE() + INTERVAL 1 WEEK) - 2), ' 09:30:00')), 
    TIMESTAMP(CONCAT(SUBDATE(CURDATE() + INTERVAL 1 WEEK, WEEKDAY(CURDATE() + INTERVAL 1 WEEK) - 2), ' 09:40:00')));
INSERT INTO `slot` (`id`, `start_time`, `end_time`) 
  VALUES ('5e660eadc50f55.69049813', TIMESTAMP(CONCAT(SUBDATE(CURDATE() + INTERVAL 1 WEEK, WEEKDAY(CURDATE() + INTERVAL 1 WEEK) - 2), ' 09:40:00')), 
    TIMESTAMP(CONCAT(SUBDATE(CURDATE() + INTERVAL 1 WEEK, WEEKDAY(CURDATE() + INTERVAL 1 WEEK) - 2), ' 09:50:00')));
INSERT INTO `slot` (`id`, `start_time`, `end_time`) 
  VALUES ('5e660eadc50f86.96294806', TIMESTAMP(CONCAT(SUBDATE(CURDATE() + INTERVAL 1 WEEK, WEEKDAY(CURDATE() + INTERVAL 1 WEEK) - 2), ' 09:50:00')), 
    TIMESTAMP(CONCAT(SUBDATE(CURDATE() + INTERVAL 1 WEEK, WEEKDAY(CURDATE() + INTERVAL 1 WEEK) - 2), ' 10:00:00')));

INSERT INTO `slot` (`id`, `start_time`, `end_time`) 
  VALUES ('5e660eadc51011.94408913', TIMESTAMP(CONCAT(SUBDATE(CURDATE() + INTERVAL 1 WEEK, WEEKDAY(CURDATE() + INTERVAL 1 WEEK) - 3), ' 09:00:00')), 
    TIMESTAMP(CONCAT(SUBDATE(CURDATE() + INTERVAL 1 WEEK, WEEKDAY(CURDATE() + INTERVAL 1 WEEK) - 3), ' 09:10:00')));
INSERT INTO `slot` (`id`, `start_time`, `end_time`) 
  VALUES ('5e660eadc51047.89547859', TIMESTAMP(CONCAT(SUBDATE(CURDATE() + INTERVAL 1 WEEK, WEEKDAY(CURDATE() + INTERVAL 1 WEEK) - 3), ' 09:10:00')), 
    TIMESTAMP(CONCAT(SUBDATE(CURDATE() + INTERVAL 1 WEEK, WEEKDAY(CURDATE() + INTERVAL 1 WEEK) - 3), ' 09:20:00')));
INSERT INTO `slot` (`id`, `start_time`, `end_time`) 
  VALUES ('5e660eadc51079.85793405', TIMESTAMP(CONCAT(SUBDATE(CURDATE() + INTERVAL 1 WEEK, WEEKDAY(CURDATE() + INTERVAL 1 WEEK) - 3), ' 09:20:00')), 
    TIMESTAMP(CONCAT(SUBDATE(CURDATE() + INTERVAL 1 WEEK, WEEKDAY(CURDATE() + INTERVAL 1 WEEK) - 3), ' 09:30:00')));
INSERT INTO `slot` (`id`, `start_time`, `end_time`) 
  VALUES ('5e660eadc510a0.71810472', TIMESTAMP(CONCAT(SUBDATE(CURDATE() + INTERVAL 1 WEEK, WEEKDAY(CURDATE() + INTERVAL 1 WEEK) - 3), ' 09:30:00')), 
    TIMESTAMP(CONCAT(SUBDATE(CURDATE() + INTERVAL 1 WEEK, WEEKDAY(CURDATE() + INTERVAL 1 WEEK) - 3), ' 09:40:00')));
INSERT INTO `slot` (`id`, `start_time`, `end_time`) 
  VALUES ('5e660eadc511d2.13830822', TIMESTAMP(CONCAT(SUBDATE(CURDATE() + INTERVAL 1 WEEK, WEEKDAY(CURDATE() + INTERVAL 1 WEEK) - 3), ' 09:40:00')), 
    TIMESTAMP(CONCAT(SUBDATE(CURDATE() + INTERVAL 1 WEEK, WEEKDAY(CURDATE() + INTERVAL 1 WEEK) - 3), ' 09:50:00')));
INSERT INTO `slot` (`id`, `start_time`, `end_time`) 
  VALUES ('5e660eadc51229.92937105', TIMESTAMP(CONCAT(SUBDATE(CURDATE() + INTERVAL 1 WEEK, WEEKDAY(CURDATE() + INTERVAL 1 WEEK) - 3), ' 09:50:00')), 
    TIMESTAMP(CONCAT(SUBDATE(CURDATE() + INTERVAL 1 WEEK, WEEKDAY(CURDATE() + INTERVAL 1 WEEK) - 3), ' 10:00:00')));

INSERT INTO `slot` (`id`, `start_time`, `end_time`) 
  VALUES ('5e660fc1e4b958.01859518', TIMESTAMP(CONCAT(SUBDATE(CURDATE() + INTERVAL 1 WEEK, WEEKDAY(CURDATE() + INTERVAL 1 WEEK) - 4), ' 09:00:00')), 
    TIMESTAMP(CONCAT(SUBDATE(CURDATE() + INTERVAL 1 WEEK, WEEKDAY(CURDATE() + INTERVAL 1 WEEK) - 4), ' 09:10:00')));
INSERT INTO `slot` (`id`, `start_time`, `end_time`) 
  VALUES ('5e660fc1e4ba47.58364168', TIMESTAMP(CONCAT(SUBDATE(CURDATE() + INTERVAL 1 WEEK, WEEKDAY(CURDATE() + INTERVAL 1 WEEK) - 4), ' 09:10:00')), 
    TIMESTAMP(CONCAT(SUBDATE(CURDATE() + INTERVAL 1 WEEK, WEEKDAY(CURDATE() + INTERVAL 1 WEEK) - 4), ' 09:20:00')));
INSERT INTO `slot` (`id`, `start_time`, `end_time`) 
  VALUES ('5e660fc1e4ba86.15495029', TIMESTAMP(CONCAT(SUBDATE(CURDATE() + INTERVAL 1 WEEK, WEEKDAY(CURDATE() + INTERVAL 1 WEEK) - 4), ' 09:20:00')), 
    TIMESTAMP(CONCAT(SUBDATE(CURDATE() + INTERVAL 1 WEEK, WEEKDAY(CURDATE() + INTERVAL 1 WEEK) - 4), ' 09:30:00')));
INSERT INTO `slot` (`id`, `start_time`, `end_time`) 
  VALUES ('5e660fc1e4bac3.46664496', TIMESTAMP(CONCAT(SUBDATE(CURDATE() + INTERVAL 1 WEEK, WEEKDAY(CURDATE() + INTERVAL 1 WEEK) - 4), ' 09:30:00')), 
    TIMESTAMP(CONCAT(SUBDATE(CURDATE() + INTERVAL 1 WEEK, WEEKDAY(CURDATE() + INTERVAL 1 WEEK) - 4), ' 09:40:00')));
INSERT INTO `slot` (`id`, `start_time`, `end_time`) 
  VALUES ('5e660fc1e4baf1.62850066', TIMESTAMP(CONCAT(SUBDATE(CURDATE() + INTERVAL 1 WEEK, WEEKDAY(CURDATE() + INTERVAL 1 WEEK) - 4), ' 09:40:00')), 
    TIMESTAMP(CONCAT(SUBDATE(CURDATE() + INTERVAL 1 WEEK, WEEKDAY(CURDATE() + INTERVAL 1 WEEK) - 4), ' 09:50:00')));
INSERT INTO `slot` (`id`, `start_time`, `end_time`) 
  VALUES ('5e660fc1e4bb25.25622627', TIMESTAMP(CONCAT(SUBDATE(CURDATE() + INTERVAL 1 WEEK, WEEKDAY(CURDATE() + INTERVAL 1 WEEK) - 4), ' 09:50:00')), 
    TIMESTAMP(CONCAT(SUBDATE(CURDATE() + INTERVAL 1 WEEK, WEEKDAY(CURDATE() + INTERVAL 1 WEEK) - 4), ' 10:00:00')));

INSERT INTO `slot` (`id`, `start_time`, `end_time`) 
  VALUES ('5e660fc1e4bb50.81624657', TIMESTAMP(CONCAT(SUBDATE(CURDATE() + INTERVAL 1 WEEK, WEEKDAY(CURDATE() + INTERVAL 1 WEEK) - 5), ' 09:00:00')), 
    TIMESTAMP(CONCAT(SUBDATE(CURDATE() + INTERVAL 1 WEEK, WEEKDAY(CURDATE() + INTERVAL 1 WEEK) - 5), ' 09:10:00')));
INSERT INTO `slot` (`id`, `start_time`, `end_time`) 
  VALUES ('5e660fc1e4bb97.63215554', TIMESTAMP(CONCAT(SUBDATE(CURDATE() + INTERVAL 1 WEEK, WEEKDAY(CURDATE() + INTERVAL 1 WEEK) - 5), ' 09:10:00')), 
    TIMESTAMP(CONCAT(SUBDATE(CURDATE() + INTERVAL 1 WEEK, WEEKDAY(CURDATE() + INTERVAL 1 WEEK) - 5), ' 09:20:00')));
INSERT INTO `slot` (`id`, `start_time`, `end_time`) 
  VALUES ('5e660fc1e4bbc3.18329237', TIMESTAMP(CONCAT(SUBDATE(CURDATE() + INTERVAL 1 WEEK, WEEKDAY(CURDATE() + INTERVAL 1 WEEK) - 5), ' 09:20:00')), 
    TIMESTAMP(CONCAT(SUBDATE(CURDATE() + INTERVAL 1 WEEK, WEEKDAY(CURDATE() + INTERVAL 1 WEEK) - 5), ' 09:30:00')));
INSERT INTO `slot` (`id`, `start_time`, `end_time`) 
  VALUES ('5e660fc1e4bbf7.94606223', TIMESTAMP(CONCAT(SUBDATE(CURDATE() + INTERVAL 1 WEEK, WEEKDAY(CURDATE() + INTERVAL 1 WEEK) - 5), ' 09:30:00')), 
    TIMESTAMP(CONCAT(SUBDATE(CURDATE() + INTERVAL 1 WEEK, WEEKDAY(CURDATE() + INTERVAL 1 WEEK) - 5), ' 09:40:00')));
INSERT INTO `slot` (`id`, `start_time`, `end_time`) 
  VALUES ('5e660fc1e4bc22.75302076', TIMESTAMP(CONCAT(SUBDATE(CURDATE() + INTERVAL 1 WEEK, WEEKDAY(CURDATE() + INTERVAL 1 WEEK) - 5), ' 09:40:00')), 
    TIMESTAMP(CONCAT(SUBDATE(CURDATE() + INTERVAL 1 WEEK, WEEKDAY(CURDATE() + INTERVAL 1 WEEK) - 5), ' 09:50:00')));
INSERT INTO `slot` (`id`, `start_time`, `end_time`) 
  VALUES ('5e660fc1e4bc53.78068360', TIMESTAMP(CONCAT(SUBDATE(CURDATE() + INTERVAL 1 WEEK, WEEKDAY(CURDATE() + INTERVAL 1 WEEK) - 5), ' 09:50:00')), 
    TIMESTAMP(CONCAT(SUBDATE(CURDATE() + INTERVAL 1 WEEK, WEEKDAY(CURDATE() + INTERVAL 1 WEEK) - 5), ' 10:00:00')));

INSERT INTO `slot` (`id`, `start_time`, `end_time`) 
  VALUES ('5e660fc1e4bc85.01038830', TIMESTAMP(CONCAT(SUBDATE(CURDATE() + INTERVAL 1 WEEK, WEEKDAY(CURDATE() + INTERVAL 1 WEEK) - 6), ' 09:00:00')), 
    TIMESTAMP(CONCAT(SUBDATE(CURDATE() + INTERVAL 1 WEEK, WEEKDAY(CURDATE() + INTERVAL 1 WEEK) - 6), ' 09:10:00')));
INSERT INTO `slot` (`id`, `start_time`, `end_time`) 
  VALUES ('5e660fc1e4bcb7.99071893', TIMESTAMP(CONCAT(SUBDATE(CURDATE() + INTERVAL 1 WEEK, WEEKDAY(CURDATE() + INTERVAL 1 WEEK) - 6), ' 09:10:00')), 
    TIMESTAMP(CONCAT(SUBDATE(CURDATE() + INTERVAL 1 WEEK, WEEKDAY(CURDATE() + INTERVAL 1 WEEK) - 6), ' 09:20:00')));
INSERT INTO `slot` (`id`, `start_time`, `end_time`) 
  VALUES ('5e660fc1e4bce7.70074869', TIMESTAMP(CONCAT(SUBDATE(CURDATE() + INTERVAL 1 WEEK, WEEKDAY(CURDATE() + INTERVAL 1 WEEK) - 6), ' 09:20:00')), 
    TIMESTAMP(CONCAT(SUBDATE(CURDATE() + INTERVAL 1 WEEK, WEEKDAY(CURDATE() + INTERVAL 1 WEEK) - 6), ' 09:30:00')));
INSERT INTO `slot` (`id`, `start_time`, `end_time`) 
  VALUES ('5e660fc1e4bd17.71477273', TIMESTAMP(CONCAT(SUBDATE(CURDATE() + INTERVAL 1 WEEK, WEEKDAY(CURDATE() + INTERVAL 1 WEEK) - 6), ' 09:30:00')), 
    TIMESTAMP(CONCAT(SUBDATE(CURDATE() + INTERVAL 1 WEEK, WEEKDAY(CURDATE() + INTERVAL 1 WEEK) - 6), ' 09:40:00')));
INSERT INTO `slot` (`id`, `start_time`, `end_time`) 
  VALUES ('5e660fc1e4bd49.09007459', TIMESTAMP(CONCAT(SUBDATE(CURDATE() + INTERVAL 1 WEEK, WEEKDAY(CURDATE() + INTERVAL 1 WEEK) - 6), ' 09:40:00')), 
    TIMESTAMP(CONCAT(SUBDATE(CURDATE() + INTERVAL 1 WEEK, WEEKDAY(CURDATE() + INTERVAL 1 WEEK) - 6), ' 09:50:00')));
INSERT INTO `slot` (`id`, `start_time`, `end_time`) 
  VALUES ('5e660fc1e4bd72.31226726', TIMESTAMP(CONCAT(SUBDATE(CURDATE() + INTERVAL 1 WEEK, WEEKDAY(CURDATE() + INTERVAL 1 WEEK) - 6), ' 09:50:00')), 
    TIMESTAMP(CONCAT(SUBDATE(CURDATE() + INTERVAL 1 WEEK, WEEKDAY(CURDATE() + INTERVAL 1 WEEK) - 6), ' 10:00:00')));

-- 2 weeks ahead
INSERT INTO `slot` (`id`, `start_time`, `end_time`) 
  VALUES ('5e66119ba939c7.90476374', TIMESTAMP(CONCAT(SUBDATE(CURDATE() + INTERVAL 2 WEEK, WEEKDAY(CURDATE() + INTERVAL 2 WEEK)), ' 09:00:00')), 
    TIMESTAMP(CONCAT(SUBDATE(CURDATE() + INTERVAL 2 WEEK, WEEKDAY(CURDATE() + INTERVAL 2 WEEK)), ' 09:10:00')));
INSERT INTO `slot` (`id`, `start_time`, `end_time`) 
  VALUES ('5e66119ba93ac4.37015407', TIMESTAMP(CONCAT(SUBDATE(CURDATE() + INTERVAL 2 WEEK, WEEKDAY(CURDATE() + INTERVAL 2 WEEK)), ' 09:10:00')), 
    TIMESTAMP(CONCAT(SUBDATE(CURDATE() + INTERVAL 2 WEEK, WEEKDAY(CURDATE() + INTERVAL 2 WEEK)), ' 09:20:00')));
INSERT INTO `slot` (`id`, `start_time`, `end_time`) 
  VALUES ('5e66119ba93b18.90979794', TIMESTAMP(CONCAT(SUBDATE(CURDATE() + INTERVAL 2 WEEK, WEEKDAY(CURDATE() + INTERVAL 2 WEEK)), ' 09:20:00')), 
    TIMESTAMP(CONCAT(SUBDATE(CURDATE() + INTERVAL 2 WEEK, WEEKDAY(CURDATE() + INTERVAL 2 WEEK)), ' 09:30:00')));
INSERT INTO `slot` (`id`, `start_time`, `end_time`) 
  VALUES ('5e66119ba93b44.94481462', TIMESTAMP(CONCAT(SUBDATE(CURDATE() + INTERVAL 2 WEEK, WEEKDAY(CURDATE() + INTERVAL 2 WEEK)), ' 09:30:00')), 
    TIMESTAMP(CONCAT(SUBDATE(CURDATE() + INTERVAL 2 WEEK, WEEKDAY(CURDATE() + INTERVAL 2 WEEK)), ' 09:40:00')));
INSERT INTO `slot` (`id`, `start_time`, `end_time`) 
  VALUES ('5e66119ba93b75.02343056', TIMESTAMP(CONCAT(SUBDATE(CURDATE() + INTERVAL 2 WEEK, WEEKDAY(CURDATE() + INTERVAL 2 WEEK)), ' 09:40:00')), 
    TIMESTAMP(CONCAT(SUBDATE(CURDATE() + INTERVAL 2 WEEK, WEEKDAY(CURDATE() + INTERVAL 2 WEEK)), ' 09:50:00')));
INSERT INTO `slot` (`id`, `start_time`, `end_time`) 
  VALUES ('5e66119ba93bb5.24131163', TIMESTAMP(CONCAT(SUBDATE(CURDATE() + INTERVAL 2 WEEK, WEEKDAY(CURDATE() + INTERVAL 2 WEEK)), ' 09:50:00')), 
    TIMESTAMP(CONCAT(SUBDATE(CURDATE() + INTERVAL 2 WEEK, WEEKDAY(CURDATE() + INTERVAL 2 WEEK)), ' 10:00:00')));

INSERT INTO `slot` (`id`, `start_time`, `end_time`) 
  VALUES ('5e66119ba93be1.23214459', TIMESTAMP(CONCAT(SUBDATE(CURDATE() + INTERVAL 2 WEEK, WEEKDAY(CURDATE() + INTERVAL 2 WEEK) - 1), ' 09:00:00')), 
    TIMESTAMP(CONCAT(SUBDATE(CURDATE() + INTERVAL 2 WEEK, WEEKDAY(CURDATE() + INTERVAL 2 WEEK) - 1), ' 09:10:00')));
INSERT INTO `slot` (`id`, `start_time`, `end_time`) 
  VALUES ('5e66119ba93c14.87584768', TIMESTAMP(CONCAT(SUBDATE(CURDATE() + INTERVAL 2 WEEK, WEEKDAY(CURDATE() + INTERVAL 2 WEEK) - 1), ' 09:10:00')), 
    TIMESTAMP(CONCAT(SUBDATE(CURDATE() + INTERVAL 2 WEEK, WEEKDAY(CURDATE() + INTERVAL 2 WEEK) - 1), ' 09:20:00')));
INSERT INTO `slot` (`id`, `start_time`, `end_time`) 
  VALUES ('5e66119ba93c41.46229285', TIMESTAMP(CONCAT(SUBDATE(CURDATE() + INTERVAL 2 WEEK, WEEKDAY(CURDATE() + INTERVAL 2 WEEK) - 1), ' 09:20:00')), 
    TIMESTAMP(CONCAT(SUBDATE(CURDATE() + INTERVAL 2 WEEK, WEEKDAY(CURDATE() + INTERVAL 2 WEEK) - 1), ' 09:30:00')));
INSERT INTO `slot` (`id`, `start_time`, `end_time`) 
  VALUES ('5e66119ba93c77.70643069', TIMESTAMP(CONCAT(SUBDATE(CURDATE() + INTERVAL 2 WEEK, WEEKDAY(CURDATE() + INTERVAL 2 WEEK) - 1), ' 09:30:00')), 
    TIMESTAMP(CONCAT(SUBDATE(CURDATE() + INTERVAL 2 WEEK, WEEKDAY(CURDATE() + INTERVAL 2 WEEK) - 1), ' 09:40:00')));
INSERT INTO `slot` (`id`, `start_time`, `end_time`) 
  VALUES ('5e66119ba93ca8.69041630', TIMESTAMP(CONCAT(SUBDATE(CURDATE() + INTERVAL 2 WEEK, WEEKDAY(CURDATE() + INTERVAL 2 WEEK) - 1), ' 09:40:00')), 
    TIMESTAMP(CONCAT(SUBDATE(CURDATE() + INTERVAL 2 WEEK, WEEKDAY(CURDATE() + INTERVAL 2 WEEK) - 1), ' 09:50:00')));
INSERT INTO `slot` (`id`, `start_time`, `end_time`) 
  VALUES ('5e66119ba93ce7.19422958', TIMESTAMP(CONCAT(SUBDATE(CURDATE() + INTERVAL 2 WEEK, WEEKDAY(CURDATE() + INTERVAL 2 WEEK) - 1), ' 09:50:00')), 
    TIMESTAMP(CONCAT(SUBDATE(CURDATE() + INTERVAL 2 WEEK, WEEKDAY(CURDATE() + INTERVAL 2 WEEK) - 1), ' 10:00:00')));

INSERT INTO `slot` (`id`, `start_time`, `end_time`) 
  VALUES ('5e66119ba93d15.30316867', TIMESTAMP(CONCAT(SUBDATE(CURDATE() + INTERVAL 2 WEEK, WEEKDAY(CURDATE() + INTERVAL 2 WEEK) - 2), ' 09:00:00')), 
    TIMESTAMP(CONCAT(SUBDATE(CURDATE() + INTERVAL 2 WEEK, WEEKDAY(CURDATE() + INTERVAL 2 WEEK) - 2), ' 09:10:00')));
INSERT INTO `slot` (`id`, `start_time`, `end_time`) 
  VALUES ('5e66119ba93d47.66868080', TIMESTAMP(CONCAT(SUBDATE(CURDATE() + INTERVAL 2 WEEK, WEEKDAY(CURDATE() + INTERVAL 2 WEEK) - 2), ' 09:10:00')), 
    TIMESTAMP(CONCAT(SUBDATE(CURDATE() + INTERVAL 2 WEEK, WEEKDAY(CURDATE() + INTERVAL 2 WEEK) - 2), ' 09:20:00')));
INSERT INTO `slot` (`id`, `start_time`, `end_time`) 
  VALUES ('5e66119ba93d78.40546588', TIMESTAMP(CONCAT(SUBDATE(CURDATE() + INTERVAL 2 WEEK, WEEKDAY(CURDATE() + INTERVAL 2 WEEK) - 2), ' 09:20:00')), 
    TIMESTAMP(CONCAT(SUBDATE(CURDATE() + INTERVAL 2 WEEK, WEEKDAY(CURDATE() + INTERVAL 2 WEEK) - 2), ' 09:30:00')));
INSERT INTO `slot` (`id`, `start_time`, `end_time`) 
  VALUES ('5e66119ba93da0.89926722', TIMESTAMP(CONCAT(SUBDATE(CURDATE() + INTERVAL 2 WEEK, WEEKDAY(CURDATE() + INTERVAL 2 WEEK) - 2), ' 09:30:00')), 
    TIMESTAMP(CONCAT(SUBDATE(CURDATE() + INTERVAL 2 WEEK, WEEKDAY(CURDATE() + INTERVAL 2 WEEK) - 2), ' 09:40:00')));
INSERT INTO `slot` (`id`, `start_time`, `end_time`) 
  VALUES ('5e66119ba93de2.21599448', TIMESTAMP(CONCAT(SUBDATE(CURDATE() + INTERVAL 2 WEEK, WEEKDAY(CURDATE() + INTERVAL 2 WEEK) - 2), ' 09:40:00')), 
    TIMESTAMP(CONCAT(SUBDATE(CURDATE() + INTERVAL 2 WEEK, WEEKDAY(CURDATE() + INTERVAL 2 WEEK) - 2), ' 09:50:00')));
INSERT INTO `slot` (`id`, `start_time`, `end_time`) 
  VALUES ('5e66119ba93e11.57336791', TIMESTAMP(CONCAT(SUBDATE(CURDATE() + INTERVAL 2 WEEK, WEEKDAY(CURDATE() + INTERVAL 2 WEEK) - 2), ' 09:50:00')), 
    TIMESTAMP(CONCAT(SUBDATE(CURDATE() + INTERVAL 2 WEEK, WEEKDAY(CURDATE() + INTERVAL 2 WEEK) - 2), ' 10:00:00')));

INSERT INTO `slot` (`id`, `start_time`, `end_time`) 
  VALUES ('5e66119ba93e48.37052281', TIMESTAMP(CONCAT(SUBDATE(CURDATE() + INTERVAL 2 WEEK, WEEKDAY(CURDATE() + INTERVAL 2 WEEK) - 3), ' 09:00:00')), 
    TIMESTAMP(CONCAT(SUBDATE(CURDATE() + INTERVAL 2 WEEK, WEEKDAY(CURDATE() + INTERVAL 2 WEEK) - 3), ' 09:10:00')));
INSERT INTO `slot` (`id`, `start_time`, `end_time`) 
  VALUES ('5e66119ba93e70.35826348', TIMESTAMP(CONCAT(SUBDATE(CURDATE() + INTERVAL 2 WEEK, WEEKDAY(CURDATE() + INTERVAL 2 WEEK) - 3), ' 09:10:00')), 
    TIMESTAMP(CONCAT(SUBDATE(CURDATE() + INTERVAL 2 WEEK, WEEKDAY(CURDATE() + INTERVAL 2 WEEK) - 3), ' 09:20:00')));
INSERT INTO `slot` (`id`, `start_time`, `end_time`) 
  VALUES ('5e66119ba93ea7.00655390', TIMESTAMP(CONCAT(SUBDATE(CURDATE() + INTERVAL 2 WEEK, WEEKDAY(CURDATE() + INTERVAL 2 WEEK) - 3), ' 09:20:00')), 
    TIMESTAMP(CONCAT(SUBDATE(CURDATE() + INTERVAL 2 WEEK, WEEKDAY(CURDATE() + INTERVAL 2 WEEK) - 3), ' 09:30:00')));
INSERT INTO `slot` (`id`, `start_time`, `end_time`) 
  VALUES ('5e66119ba93ee9.51181295', TIMESTAMP(CONCAT(SUBDATE(CURDATE() + INTERVAL 2 WEEK, WEEKDAY(CURDATE() + INTERVAL 2 WEEK) - 3), ' 09:30:00')), 
    TIMESTAMP(CONCAT(SUBDATE(CURDATE() + INTERVAL 2 WEEK, WEEKDAY(CURDATE() + INTERVAL 2 WEEK) - 3), ' 09:40:00')));
INSERT INTO `slot` (`id`, `start_time`, `end_time`) 
  VALUES ('5e66119ba93f13.93548002', TIMESTAMP(CONCAT(SUBDATE(CURDATE() + INTERVAL 2 WEEK, WEEKDAY(CURDATE() + INTERVAL 2 WEEK) - 3), ' 09:40:00')), 
    TIMESTAMP(CONCAT(SUBDATE(CURDATE() + INTERVAL 2 WEEK, WEEKDAY(CURDATE() + INTERVAL 2 WEEK) - 3), ' 09:50:00')));
INSERT INTO `slot` (`id`, `start_time`, `end_time`) 
  VALUES ('5e66119ba93f46.30897419', TIMESTAMP(CONCAT(SUBDATE(CURDATE() + INTERVAL 2 WEEK, WEEKDAY(CURDATE() + INTERVAL 2 WEEK) - 3), ' 09:50:00')), 
    TIMESTAMP(CONCAT(SUBDATE(CURDATE() + INTERVAL 2 WEEK, WEEKDAY(CURDATE() + INTERVAL 2 WEEK) - 3), ' 10:00:00')));

INSERT INTO `slot` (`id`, `start_time`, `end_time`) 
  VALUES ('5e66119ba93f77.22769888', TIMESTAMP(CONCAT(SUBDATE(CURDATE() + INTERVAL 2 WEEK, WEEKDAY(CURDATE() + INTERVAL 2 WEEK) - 4), ' 09:00:00')), 
    TIMESTAMP(CONCAT(SUBDATE(CURDATE() + INTERVAL 2 WEEK, WEEKDAY(CURDATE() + INTERVAL 2 WEEK) - 4), ' 09:10:00')));
INSERT INTO `slot` (`id`, `start_time`, `end_time`) 
  VALUES ('5e66119ba93fa2.99963521', TIMESTAMP(CONCAT(SUBDATE(CURDATE() + INTERVAL 2 WEEK, WEEKDAY(CURDATE() + INTERVAL 2 WEEK) - 4), ' 09:10:00')), 
    TIMESTAMP(CONCAT(SUBDATE(CURDATE() + INTERVAL 2 WEEK, WEEKDAY(CURDATE() + INTERVAL 2 WEEK) - 4), ' 09:20:00')));
INSERT INTO `slot` (`id`, `start_time`, `end_time`) 
  VALUES ('5e66119ba93fd2.75027345', TIMESTAMP(CONCAT(SUBDATE(CURDATE() + INTERVAL 2 WEEK, WEEKDAY(CURDATE() + INTERVAL 2 WEEK) - 4), ' 09:20:00')), 
    TIMESTAMP(CONCAT(SUBDATE(CURDATE() + INTERVAL 2 WEEK, WEEKDAY(CURDATE() + INTERVAL 2 WEEK) - 4), ' 09:30:00')));
INSERT INTO `slot` (`id`, `start_time`, `end_time`) 
  VALUES ('5e66119ba94014.75505759', TIMESTAMP(CONCAT(SUBDATE(CURDATE() + INTERVAL 2 WEEK, WEEKDAY(CURDATE() + INTERVAL 2 WEEK) - 4), ' 09:30:00')), 
    TIMESTAMP(CONCAT(SUBDATE(CURDATE() + INTERVAL 2 WEEK, WEEKDAY(CURDATE() + INTERVAL 2 WEEK) - 4), ' 09:40:00')));
INSERT INTO `slot` (`id`, `start_time`, `end_time`) 
  VALUES ('5e66119ba94043.15552913', TIMESTAMP(CONCAT(SUBDATE(CURDATE() + INTERVAL 2 WEEK, WEEKDAY(CURDATE() + INTERVAL 2 WEEK) - 4), ' 09:40:00')), 
    TIMESTAMP(CONCAT(SUBDATE(CURDATE() + INTERVAL 2 WEEK, WEEKDAY(CURDATE() + INTERVAL 2 WEEK) - 4), ' 09:50:00')));
INSERT INTO `slot` (`id`, `start_time`, `end_time`) 
  VALUES ('5e66119ba94074.66145296', TIMESTAMP(CONCAT(SUBDATE(CURDATE() + INTERVAL 2 WEEK, WEEKDAY(CURDATE() + INTERVAL 2 WEEK) - 4), ' 09:50:00')), 
    TIMESTAMP(CONCAT(SUBDATE(CURDATE() + INTERVAL 2 WEEK, WEEKDAY(CURDATE() + INTERVAL 2 WEEK) - 4), ' 10:00:00')));

INSERT INTO `slot` (`id`, `start_time`, `end_time`) 
  VALUES ('5e66119ba940a5.32008784', TIMESTAMP(CONCAT(SUBDATE(CURDATE() + INTERVAL 2 WEEK, WEEKDAY(CURDATE() + INTERVAL 2 WEEK) - 5), ' 09:00:00')), 
    TIMESTAMP(CONCAT(SUBDATE(CURDATE() + INTERVAL 2 WEEK, WEEKDAY(CURDATE() + INTERVAL 2 WEEK) - 5), ' 09:10:00')));
INSERT INTO `slot` (`id`, `start_time`, `end_time`) 
  VALUES ('5e66119ba940e6.56495962', TIMESTAMP(CONCAT(SUBDATE(CURDATE() + INTERVAL 2 WEEK, WEEKDAY(CURDATE() + INTERVAL 2 WEEK) - 5), ' 09:10:00')), 
    TIMESTAMP(CONCAT(SUBDATE(CURDATE() + INTERVAL 2 WEEK, WEEKDAY(CURDATE() + INTERVAL 2 WEEK) - 5), ' 09:20:00')));
INSERT INTO `slot` (`id`, `start_time`, `end_time`) 
  VALUES ('5e66119ba94114.12346946', TIMESTAMP(CONCAT(SUBDATE(CURDATE() + INTERVAL 2 WEEK, WEEKDAY(CURDATE() + INTERVAL 2 WEEK) - 5), ' 09:20:00')), 
    TIMESTAMP(CONCAT(SUBDATE(CURDATE() + INTERVAL 2 WEEK, WEEKDAY(CURDATE() + INTERVAL 2 WEEK) - 5), ' 09:30:00')));
INSERT INTO `slot` (`id`, `start_time`, `end_time`) 
  VALUES ('5e66119ba94142.48322007', TIMESTAMP(CONCAT(SUBDATE(CURDATE() + INTERVAL 2 WEEK, WEEKDAY(CURDATE() + INTERVAL 2 WEEK) - 5), ' 09:30:00')), 
    TIMESTAMP(CONCAT(SUBDATE(CURDATE() + INTERVAL 2 WEEK, WEEKDAY(CURDATE() + INTERVAL 2 WEEK) - 5), ' 09:40:00')));
INSERT INTO `slot` (`id`, `start_time`, `end_time`) 
  VALUES ('5e66119ba94176.19535108', TIMESTAMP(CONCAT(SUBDATE(CURDATE() + INTERVAL 2 WEEK, WEEKDAY(CURDATE() + INTERVAL 2 WEEK) - 5), ' 09:40:00')), 
    TIMESTAMP(CONCAT(SUBDATE(CURDATE() + INTERVAL 2 WEEK, WEEKDAY(CURDATE() + INTERVAL 2 WEEK) - 5), ' 09:50:00')));
INSERT INTO `slot` (`id`, `start_time`, `end_time`) 
  VALUES ('5e66119ba941a6.33008925', TIMESTAMP(CONCAT(SUBDATE(CURDATE() + INTERVAL 2 WEEK, WEEKDAY(CURDATE() + INTERVAL 2 WEEK) - 5), ' 09:50:00')), 
    TIMESTAMP(CONCAT(SUBDATE(CURDATE() + INTERVAL 2 WEEK, WEEKDAY(CURDATE() + INTERVAL 2 WEEK) - 5), ' 10:00:00')));

INSERT INTO `slot` (`id`, `start_time`, `end_time`) 
  VALUES ('5e66119ba941d2.78863659', TIMESTAMP(CONCAT(SUBDATE(CURDATE() + INTERVAL 2 WEEK, WEEKDAY(CURDATE() + INTERVAL 2 WEEK) - 6), ' 09:00:00')), 
    TIMESTAMP(CONCAT(SUBDATE(CURDATE() + INTERVAL 2 WEEK, WEEKDAY(CURDATE() + INTERVAL 2 WEEK) - 6), ' 09:10:00')));
INSERT INTO `slot` (`id`, `start_time`, `end_time`) 
  VALUES ('5e66119ba94211.01421584', TIMESTAMP(CONCAT(SUBDATE(CURDATE() + INTERVAL 2 WEEK, WEEKDAY(CURDATE() + INTERVAL 2 WEEK) - 6), ' 09:10:00')), 
    TIMESTAMP(CONCAT(SUBDATE(CURDATE() + INTERVAL 2 WEEK, WEEKDAY(CURDATE() + INTERVAL 2 WEEK) - 6), ' 09:20:00')));
INSERT INTO `slot` (`id`, `start_time`, `end_time`) 
  VALUES ('5e66119ba94242.01987007', TIMESTAMP(CONCAT(SUBDATE(CURDATE() + INTERVAL 2 WEEK, WEEKDAY(CURDATE() + INTERVAL 2 WEEK) - 6), ' 09:20:00')), 
    TIMESTAMP(CONCAT(SUBDATE(CURDATE() + INTERVAL 2 WEEK, WEEKDAY(CURDATE() + INTERVAL 2 WEEK) - 6), ' 09:30:00')));
INSERT INTO `slot` (`id`, `start_time`, `end_time`) 
  VALUES ('5e66119ba94273.85301227', TIMESTAMP(CONCAT(SUBDATE(CURDATE() + INTERVAL 2 WEEK, WEEKDAY(CURDATE() + INTERVAL 2 WEEK) - 6), ' 09:30:00')), 
    TIMESTAMP(CONCAT(SUBDATE(CURDATE() + INTERVAL 2 WEEK, WEEKDAY(CURDATE() + INTERVAL 2 WEEK) - 6), ' 09:40:00')));
INSERT INTO `slot` (`id`, `start_time`, `end_time`) 
  VALUES ('5e66119ba942a9.63141784', TIMESTAMP(CONCAT(SUBDATE(CURDATE() + INTERVAL 2 WEEK, WEEKDAY(CURDATE() + INTERVAL 2 WEEK) - 6), ' 09:40:00')), 
    TIMESTAMP(CONCAT(SUBDATE(CURDATE() + INTERVAL 2 WEEK, WEEKDAY(CURDATE() + INTERVAL 2 WEEK) - 6), ' 09:50:00')));
INSERT INTO `slot` (`id`, `start_time`, `end_time`) 
  VALUES ('5e66119ba942d3.02748830', TIMESTAMP(CONCAT(SUBDATE(CURDATE() + INTERVAL 2 WEEK, WEEKDAY(CURDATE() + INTERVAL 2 WEEK) - 6), ' 09:50:00')), 
    TIMESTAMP(CONCAT(SUBDATE(CURDATE() + INTERVAL 2 WEEK, WEEKDAY(CURDATE() + INTERVAL 2 WEEK) - 6), ' 10:00:00')));

-- 3 weeks ahead
INSERT INTO `slot` (`id`, `start_time`, `end_time`) 
  VALUES ('5e66129c4ea454.55342585', TIMESTAMP(CONCAT(SUBDATE(CURDATE() + INTERVAL 3 WEEK, WEEKDAY(CURDATE() + INTERVAL 3 WEEK)), ' 09:00:00')), 
    TIMESTAMP(CONCAT(SUBDATE(CURDATE() + INTERVAL 3 WEEK, WEEKDAY(CURDATE() + INTERVAL 3 WEEK)), ' 09:10:00')));
INSERT INTO `slot` (`id`, `start_time`, `end_time`) 
  VALUES ('5e66129c4ea561.57234029', TIMESTAMP(CONCAT(SUBDATE(CURDATE() + INTERVAL 3 WEEK, WEEKDAY(CURDATE() + INTERVAL 3 WEEK)), ' 09:10:00')), 
    TIMESTAMP(CONCAT(SUBDATE(CURDATE() + INTERVAL 3 WEEK, WEEKDAY(CURDATE() + INTERVAL 3 WEEK)), ' 09:20:00')));
INSERT INTO `slot` (`id`, `start_time`, `end_time`) 
  VALUES ('5e66129c4ea656.10296805', TIMESTAMP(CONCAT(SUBDATE(CURDATE() + INTERVAL 3 WEEK, WEEKDAY(CURDATE() + INTERVAL 3 WEEK)), ' 09:20:00')), 
    TIMESTAMP(CONCAT(SUBDATE(CURDATE() + INTERVAL 3 WEEK, WEEKDAY(CURDATE() + INTERVAL 3 WEEK)), ' 09:30:00')));
INSERT INTO `slot` (`id`, `start_time`, `end_time`) 
  VALUES ('5e66129c4ea6a1.42103271', TIMESTAMP(CONCAT(SUBDATE(CURDATE() + INTERVAL 3 WEEK, WEEKDAY(CURDATE() + INTERVAL 3 WEEK)), ' 09:30:00')), 
    TIMESTAMP(CONCAT(SUBDATE(CURDATE() + INTERVAL 3 WEEK, WEEKDAY(CURDATE() + INTERVAL 3 WEEK)), ' 09:40:00')));
INSERT INTO `slot` (`id`, `start_time`, `end_time`) 
  VALUES ('5e66129c4ea6d8.57439610', TIMESTAMP(CONCAT(SUBDATE(CURDATE() + INTERVAL 3 WEEK, WEEKDAY(CURDATE() + INTERVAL 3 WEEK)), ' 09:40:00')), 
    TIMESTAMP(CONCAT(SUBDATE(CURDATE() + INTERVAL 3 WEEK, WEEKDAY(CURDATE() + INTERVAL 3 WEEK)), ' 09:50:00')));
INSERT INTO `slot` (`id`, `start_time`, `end_time`) 
  VALUES ('5e66129c4ea704.75207030', TIMESTAMP(CONCAT(SUBDATE(CURDATE() + INTERVAL 3 WEEK, WEEKDAY(CURDATE() + INTERVAL 3 WEEK)), ' 09:50:00')), 
    TIMESTAMP(CONCAT(SUBDATE(CURDATE() + INTERVAL 3 WEEK, WEEKDAY(CURDATE() + INTERVAL 3 WEEK)), ' 10:00:00')));

INSERT INTO `slot` (`id`, `start_time`, `end_time`) 
  VALUES ('5e66129c4ea731.94488395', TIMESTAMP(CONCAT(SUBDATE(CURDATE() + INTERVAL 3 WEEK, WEEKDAY(CURDATE() + INTERVAL 3 WEEK) - 1), ' 09:00:00')), 
    TIMESTAMP(CONCAT(SUBDATE(CURDATE() + INTERVAL 3 WEEK, WEEKDAY(CURDATE() + INTERVAL 3 WEEK) - 1), ' 09:10:00')));
INSERT INTO `slot` (`id`, `start_time`, `end_time`) 
  VALUES ('5e66129c4ea760.40052205', TIMESTAMP(CONCAT(SUBDATE(CURDATE() + INTERVAL 3 WEEK, WEEKDAY(CURDATE() + INTERVAL 3 WEEK) - 1), ' 09:10:00')), 
    TIMESTAMP(CONCAT(SUBDATE(CURDATE() + INTERVAL 3 WEEK, WEEKDAY(CURDATE() + INTERVAL 3 WEEK) - 1), ' 09:20:00')));
INSERT INTO `slot` (`id`, `start_time`, `end_time`) 
  VALUES ('5e66129c4ea7a5.49099391', TIMESTAMP(CONCAT(SUBDATE(CURDATE() + INTERVAL 3 WEEK, WEEKDAY(CURDATE() + INTERVAL 3 WEEK) - 1), ' 09:20:00')), 
    TIMESTAMP(CONCAT(SUBDATE(CURDATE() + INTERVAL 3 WEEK, WEEKDAY(CURDATE() + INTERVAL 3 WEEK) - 1), ' 09:30:00')));
INSERT INTO `slot` (`id`, `start_time`, `end_time`) 
  VALUES ('5e66129c4ea7d3.80841034', TIMESTAMP(CONCAT(SUBDATE(CURDATE() + INTERVAL 3 WEEK, WEEKDAY(CURDATE() + INTERVAL 3 WEEK) - 1), ' 09:30:00')), 
    TIMESTAMP(CONCAT(SUBDATE(CURDATE() + INTERVAL 3 WEEK, WEEKDAY(CURDATE() + INTERVAL 3 WEEK) - 1), ' 09:40:00')));
INSERT INTO `slot` (`id`, `start_time`, `end_time`) 
  VALUES ('5e66129c4ea805.93046545', TIMESTAMP(CONCAT(SUBDATE(CURDATE() + INTERVAL 3 WEEK, WEEKDAY(CURDATE() + INTERVAL 3 WEEK) - 1), ' 09:40:00')), 
    TIMESTAMP(CONCAT(SUBDATE(CURDATE() + INTERVAL 3 WEEK, WEEKDAY(CURDATE() + INTERVAL 3 WEEK) - 1), ' 09:50:00')));
INSERT INTO `slot` (`id`, `start_time`, `end_time`) 
  VALUES ('5e66129c4ea836.69499482', TIMESTAMP(CONCAT(SUBDATE(CURDATE() + INTERVAL 3 WEEK, WEEKDAY(CURDATE() + INTERVAL 3 WEEK) - 1), ' 09:50:00')), 
    TIMESTAMP(CONCAT(SUBDATE(CURDATE() + INTERVAL 3 WEEK, WEEKDAY(CURDATE() + INTERVAL 3 WEEK) - 1), ' 10:00:00')));

INSERT INTO `slot` (`id`, `start_time`, `end_time`) 
  VALUES ('5e66129c4ea872.17549757', TIMESTAMP(CONCAT(SUBDATE(CURDATE() + INTERVAL 3 WEEK, WEEKDAY(CURDATE() + INTERVAL 3 WEEK) - 2), ' 09:00:00')), 
    TIMESTAMP(CONCAT(SUBDATE(CURDATE() + INTERVAL 3 WEEK, WEEKDAY(CURDATE() + INTERVAL 3 WEEK) - 2), ' 09:10:00')));
INSERT INTO `slot` (`id`, `start_time`, `end_time`) 
  VALUES ('5e66129c4ea8a1.70622651', TIMESTAMP(CONCAT(SUBDATE(CURDATE() + INTERVAL 3 WEEK, WEEKDAY(CURDATE() + INTERVAL 3 WEEK) - 2), ' 09:10:00')), 
    TIMESTAMP(CONCAT(SUBDATE(CURDATE() + INTERVAL 3 WEEK, WEEKDAY(CURDATE() + INTERVAL 3 WEEK) - 2), ' 09:20:00')));
INSERT INTO `slot` (`id`, `start_time`, `end_time`) 
  VALUES ('5e66129c4ea8d9.69453328', TIMESTAMP(CONCAT(SUBDATE(CURDATE() + INTERVAL 3 WEEK, WEEKDAY(CURDATE() + INTERVAL 3 WEEK) - 2), ' 09:20:00')), 
    TIMESTAMP(CONCAT(SUBDATE(CURDATE() + INTERVAL 3 WEEK, WEEKDAY(CURDATE() + INTERVAL 3 WEEK) - 2), ' 09:30:00')));
INSERT INTO `slot` (`id`, `start_time`, `end_time`) 
  VALUES ('5e66129c4ea907.06797260', TIMESTAMP(CONCAT(SUBDATE(CURDATE() + INTERVAL 3 WEEK, WEEKDAY(CURDATE() + INTERVAL 3 WEEK) - 2), ' 09:30:00')), 
    TIMESTAMP(CONCAT(SUBDATE(CURDATE() + INTERVAL 3 WEEK, WEEKDAY(CURDATE() + INTERVAL 3 WEEK) - 2), ' 09:40:00')));
INSERT INTO `slot` (`id`, `start_time`, `end_time`) 
  VALUES ('5e66129c4ea932.78376866', TIMESTAMP(CONCAT(SUBDATE(CURDATE() + INTERVAL 3 WEEK, WEEKDAY(CURDATE() + INTERVAL 3 WEEK) - 2), ' 09:40:00')), 
    TIMESTAMP(CONCAT(SUBDATE(CURDATE() + INTERVAL 3 WEEK, WEEKDAY(CURDATE() + INTERVAL 3 WEEK) - 2), ' 09:50:00')));
INSERT INTO `slot` (`id`, `start_time`, `end_time`) 
  VALUES ('5e66129c4ea964.68690811', TIMESTAMP(CONCAT(SUBDATE(CURDATE() + INTERVAL 3 WEEK, WEEKDAY(CURDATE() + INTERVAL 3 WEEK) - 2), ' 09:50:00')), 
    TIMESTAMP(CONCAT(SUBDATE(CURDATE() + INTERVAL 3 WEEK, WEEKDAY(CURDATE() + INTERVAL 3 WEEK) - 2), ' 10:00:00')));

INSERT INTO `slot` (`id`, `start_time`, `end_time`) 
  VALUES ('5e66129c4ea9a1.64500614', TIMESTAMP(CONCAT(SUBDATE(CURDATE() + INTERVAL 3 WEEK, WEEKDAY(CURDATE() + INTERVAL 3 WEEK) - 3), ' 09:00:00')), 
    TIMESTAMP(CONCAT(SUBDATE(CURDATE() + INTERVAL 3 WEEK, WEEKDAY(CURDATE() + INTERVAL 3 WEEK) - 3), ' 09:10:00')));
INSERT INTO `slot` (`id`, `start_time`, `end_time`) 
  VALUES ('5e66129c4ea9d9.19620529', TIMESTAMP(CONCAT(SUBDATE(CURDATE() + INTERVAL 3 WEEK, WEEKDAY(CURDATE() + INTERVAL 3 WEEK) - 3), ' 09:10:00')), 
    TIMESTAMP(CONCAT(SUBDATE(CURDATE() + INTERVAL 3 WEEK, WEEKDAY(CURDATE() + INTERVAL 3 WEEK) - 3), ' 09:20:00')));
INSERT INTO `slot` (`id`, `start_time`, `end_time`) 
  VALUES ('5e66129c4eaa06.79975225', TIMESTAMP(CONCAT(SUBDATE(CURDATE() + INTERVAL 3 WEEK, WEEKDAY(CURDATE() + INTERVAL 3 WEEK) - 3), ' 09:20:00')), 
    TIMESTAMP(CONCAT(SUBDATE(CURDATE() + INTERVAL 3 WEEK, WEEKDAY(CURDATE() + INTERVAL 3 WEEK) - 3), ' 09:30:00')));
INSERT INTO `slot` (`id`, `start_time`, `end_time`) 
  VALUES ('5e66129c4eaa39.79500052', TIMESTAMP(CONCAT(SUBDATE(CURDATE() + INTERVAL 3 WEEK, WEEKDAY(CURDATE() + INTERVAL 3 WEEK) - 3), ' 09:30:00')), 
    TIMESTAMP(CONCAT(SUBDATE(CURDATE() + INTERVAL 3 WEEK, WEEKDAY(CURDATE() + INTERVAL 3 WEEK) - 3), ' 09:40:00')));
INSERT INTO `slot` (`id`, `start_time`, `end_time`) 
  VALUES ('5e66129c4eaa62.59907688', TIMESTAMP(CONCAT(SUBDATE(CURDATE() + INTERVAL 3 WEEK, WEEKDAY(CURDATE() + INTERVAL 3 WEEK) - 3), ' 09:40:00')), 
    TIMESTAMP(CONCAT(SUBDATE(CURDATE() + INTERVAL 3 WEEK, WEEKDAY(CURDATE() + INTERVAL 3 WEEK) - 3), ' 09:50:00')));
INSERT INTO `slot` (`id`, `start_time`, `end_time`) 
  VALUES ('5e66129c4eaa91.75796881', TIMESTAMP(CONCAT(SUBDATE(CURDATE() + INTERVAL 3 WEEK, WEEKDAY(CURDATE() + INTERVAL 3 WEEK) - 3), ' 09:50:00')), 
    TIMESTAMP(CONCAT(SUBDATE(CURDATE() + INTERVAL 3 WEEK, WEEKDAY(CURDATE() + INTERVAL 3 WEEK) - 3), ' 10:00:00')));

INSERT INTO `slot` (`id`, `start_time`, `end_time`) 
  VALUES ('5e66129c4eaac2.90275722', TIMESTAMP(CONCAT(SUBDATE(CURDATE() + INTERVAL 3 WEEK, WEEKDAY(CURDATE() + INTERVAL 3 WEEK) - 4), ' 09:00:00')), 
    TIMESTAMP(CONCAT(SUBDATE(CURDATE() + INTERVAL 3 WEEK, WEEKDAY(CURDATE() + INTERVAL 3 WEEK) - 4), ' 09:10:00')));
INSERT INTO `slot` (`id`, `start_time`, `end_time`) 
  VALUES ('5e66129c4eaaf4.07140765', TIMESTAMP(CONCAT(SUBDATE(CURDATE() + INTERVAL 3 WEEK, WEEKDAY(CURDATE() + INTERVAL 3 WEEK) - 4), ' 09:10:00')), 
    TIMESTAMP(CONCAT(SUBDATE(CURDATE() + INTERVAL 3 WEEK, WEEKDAY(CURDATE() + INTERVAL 3 WEEK) - 4), ' 09:20:00')));
INSERT INTO `slot` (`id`, `start_time`, `end_time`) 
  VALUES ('5e66129c4eab23.09741765', TIMESTAMP(CONCAT(SUBDATE(CURDATE() + INTERVAL 3 WEEK, WEEKDAY(CURDATE() + INTERVAL 3 WEEK) - 4), ' 09:20:00')), 
    TIMESTAMP(CONCAT(SUBDATE(CURDATE() + INTERVAL 3 WEEK, WEEKDAY(CURDATE() + INTERVAL 3 WEEK) - 4), ' 09:30:00')));
INSERT INTO `slot` (`id`, `start_time`, `end_time`) 
  VALUES ('5e66129c4eab60.99699704', TIMESTAMP(CONCAT(SUBDATE(CURDATE() + INTERVAL 3 WEEK, WEEKDAY(CURDATE() + INTERVAL 3 WEEK) - 4), ' 09:30:00')), 
    TIMESTAMP(CONCAT(SUBDATE(CURDATE() + INTERVAL 3 WEEK, WEEKDAY(CURDATE() + INTERVAL 3 WEEK) - 4), ' 09:40:00')));
INSERT INTO `slot` (`id`, `start_time`, `end_time`) 
  VALUES ('5e66129c4eab98.53205409', TIMESTAMP(CONCAT(SUBDATE(CURDATE() + INTERVAL 3 WEEK, WEEKDAY(CURDATE() + INTERVAL 3 WEEK) - 4), ' 09:40:00')), 
    TIMESTAMP(CONCAT(SUBDATE(CURDATE() + INTERVAL 3 WEEK, WEEKDAY(CURDATE() + INTERVAL 3 WEEK) - 4), ' 09:50:00')));
INSERT INTO `slot` (`id`, `start_time`, `end_time`) 
  VALUES ('5e66129c4eabc5.77037085', TIMESTAMP(CONCAT(SUBDATE(CURDATE() + INTERVAL 3 WEEK, WEEKDAY(CURDATE() + INTERVAL 3 WEEK) - 4), ' 09:50:00')), 
    TIMESTAMP(CONCAT(SUBDATE(CURDATE() + INTERVAL 3 WEEK, WEEKDAY(CURDATE() + INTERVAL 3 WEEK) - 4), ' 10:00:00')));

INSERT INTO `slot` (`id`, `start_time`, `end_time`) 
  VALUES ('5e66129c4eabf9.91464955', TIMESTAMP(CONCAT(SUBDATE(CURDATE() + INTERVAL 3 WEEK, WEEKDAY(CURDATE() + INTERVAL 3 WEEK) - 5), ' 09:00:00')), 
    TIMESTAMP(CONCAT(SUBDATE(CURDATE() + INTERVAL 3 WEEK, WEEKDAY(CURDATE() + INTERVAL 3 WEEK) - 5), ' 09:10:00')));
INSERT INTO `slot` (`id`, `start_time`, `end_time`) 
  VALUES ('5e66129c4eac29.70227478', TIMESTAMP(CONCAT(SUBDATE(CURDATE() + INTERVAL 3 WEEK, WEEKDAY(CURDATE() + INTERVAL 3 WEEK) - 5), ' 09:10:00')), 
    TIMESTAMP(CONCAT(SUBDATE(CURDATE() + INTERVAL 3 WEEK, WEEKDAY(CURDATE() + INTERVAL 3 WEEK) - 5), ' 09:20:00')));
INSERT INTO `slot` (`id`, `start_time`, `end_time`) 
  VALUES ('5e66129c4eac54.45234853', TIMESTAMP(CONCAT(SUBDATE(CURDATE() + INTERVAL 3 WEEK, WEEKDAY(CURDATE() + INTERVAL 3 WEEK) - 5), ' 09:20:00')), 
    TIMESTAMP(CONCAT(SUBDATE(CURDATE() + INTERVAL 3 WEEK, WEEKDAY(CURDATE() + INTERVAL 3 WEEK) - 5), ' 09:30:00')));
INSERT INTO `slot` (`id`, `start_time`, `end_time`) 
  VALUES ('5e66129c4eac84.48033698', TIMESTAMP(CONCAT(SUBDATE(CURDATE() + INTERVAL 3 WEEK, WEEKDAY(CURDATE() + INTERVAL 3 WEEK) - 5), ' 09:30:00')), 
    TIMESTAMP(CONCAT(SUBDATE(CURDATE() + INTERVAL 3 WEEK, WEEKDAY(CURDATE() + INTERVAL 3 WEEK) - 5), ' 09:40:00')));
INSERT INTO `slot` (`id`, `start_time`, `end_time`) 
  VALUES ('5e66129c4eacb1.97489926', TIMESTAMP(CONCAT(SUBDATE(CURDATE() + INTERVAL 3 WEEK, WEEKDAY(CURDATE() + INTERVAL 3 WEEK) - 5), ' 09:40:00')), 
    TIMESTAMP(CONCAT(SUBDATE(CURDATE() + INTERVAL 3 WEEK, WEEKDAY(CURDATE() + INTERVAL 3 WEEK) - 5), ' 09:50:00')));
INSERT INTO `slot` (`id`, `start_time`, `end_time`) 
  VALUES ('5e66129c4eace0.94710985', TIMESTAMP(CONCAT(SUBDATE(CURDATE() + INTERVAL 3 WEEK, WEEKDAY(CURDATE() + INTERVAL 3 WEEK) - 5), ' 09:50:00')), 
    TIMESTAMP(CONCAT(SUBDATE(CURDATE() + INTERVAL 3 WEEK, WEEKDAY(CURDATE() + INTERVAL 3 WEEK) - 5), ' 10:00:00')));

INSERT INTO `slot` (`id`, `start_time`, `end_time`) 
  VALUES ('5e66129c4ead29.03487070', TIMESTAMP(CONCAT(SUBDATE(CURDATE() + INTERVAL 3 WEEK, WEEKDAY(CURDATE() + INTERVAL 3 WEEK) - 6), ' 09:00:00')), 
    TIMESTAMP(CONCAT(SUBDATE(CURDATE() + INTERVAL 3 WEEK, WEEKDAY(CURDATE() + INTERVAL 3 WEEK) - 6), ' 09:10:00')));
INSERT INTO `slot` (`id`, `start_time`, `end_time`) 
  VALUES ('5e66129c4ead54.56158026', TIMESTAMP(CONCAT(SUBDATE(CURDATE() + INTERVAL 3 WEEK, WEEKDAY(CURDATE() + INTERVAL 3 WEEK) - 6), ' 09:10:00')), 
    TIMESTAMP(CONCAT(SUBDATE(CURDATE() + INTERVAL 3 WEEK, WEEKDAY(CURDATE() + INTERVAL 3 WEEK) - 6), ' 09:20:00')));
INSERT INTO `slot` (`id`, `start_time`, `end_time`) 
  VALUES ('5e66129c4ead89.22125970', TIMESTAMP(CONCAT(SUBDATE(CURDATE() + INTERVAL 3 WEEK, WEEKDAY(CURDATE() + INTERVAL 3 WEEK) - 6), ' 09:20:00')), 
    TIMESTAMP(CONCAT(SUBDATE(CURDATE() + INTERVAL 3 WEEK, WEEKDAY(CURDATE() + INTERVAL 3 WEEK) - 6), ' 09:30:00')));
INSERT INTO `slot` (`id`, `start_time`, `end_time`) 
  VALUES ('5e66129c4eadb2.74511206', TIMESTAMP(CONCAT(SUBDATE(CURDATE() + INTERVAL 3 WEEK, WEEKDAY(CURDATE() + INTERVAL 3 WEEK) - 6), ' 09:30:00')), 
    TIMESTAMP(CONCAT(SUBDATE(CURDATE() + INTERVAL 3 WEEK, WEEKDAY(CURDATE() + INTERVAL 3 WEEK) - 6), ' 09:40:00')));
INSERT INTO `slot` (`id`, `start_time`, `end_time`) 
  VALUES ('5e66129c4eade2.63629332', TIMESTAMP(CONCAT(SUBDATE(CURDATE() + INTERVAL 3 WEEK, WEEKDAY(CURDATE() + INTERVAL 3 WEEK) - 6), ' 09:40:00')), 
    TIMESTAMP(CONCAT(SUBDATE(CURDATE() + INTERVAL 3 WEEK, WEEKDAY(CURDATE() + INTERVAL 3 WEEK) - 6), ' 09:50:00')));
INSERT INTO `slot` (`id`, `start_time`, `end_time`) 
  VALUES ('5e66129c4eae10.74603256', TIMESTAMP(CONCAT(SUBDATE(CURDATE() + INTERVAL 3 WEEK, WEEKDAY(CURDATE() + INTERVAL 3 WEEK) - 6), ' 09:50:00')), 
    TIMESTAMP(CONCAT(SUBDATE(CURDATE() + INTERVAL 3 WEEK, WEEKDAY(CURDATE() + INTERVAL 3 WEEK) - 6), ' 10:00:00')));

/* Language: Example languages for selecting translation services */
INSERT INTO `language` (`id`, `name`) VALUES ('5e6274fe2da8e7.62206293', 'Welsh');
INSERT INTO `language` (`id`, `name`) VALUES ('5e627504477ac0.53112804', 'Polish');
INSERT INTO `language` (`id`, `name`) VALUES ('5e62752a775762.64611390', 'Bengali');
INSERT INTO `language` (`id`, `name`) VALUES ('5e62752a775924.80449764', 'Gujarati');
INSERT INTO `language` (`id`, `name`) VALUES ('5e62752a775a30.18919537', 'Arabic');
INSERT INTO `language` (`id`, `name`) VALUES ('5e62752a775a78.73040756', 'Urdu');
INSERT INTO `language` (`id`, `name`) VALUES ('5e62752a775aa8.85707788', 'French');
INSERT INTO `language` (`id`, `name`) VALUES ('5e62752a775ae7.54844103', 'Romanian');

/* Facility_Language: Example languages offered by facilities */
INSERT INTO `facility_language` (`id`, `facility_id`, `language_id`) 
  VALUES ('5e627634038156.50370377', '5e4a83211ffd59.63214101', '5e6274fe2da8e7.62206293');
INSERT INTO `facility_language` (`id`, `facility_id`, `language_id`) 
  VALUES ('5e627634038285.25464470', '5e4a83211ffd59.63214101', '5e627504477ac0.53112804');
INSERT INTO `facility_language` (`id`, `facility_id`, `language_id`) 
  VALUES ('5e6276340382d6.44937900', '5e4a83211ffd59.63214101', '5e62752a775762.64611390');
INSERT INTO `facility_language` (`id`, `facility_id`, `language_id`) 
  VALUES ('5e627634038309.12561632', '5e4a83211ffd59.63214101', '5e62752a775a30.18919537');
INSERT INTO `facility_language` (`id`, `facility_id`, `language_id`) 
  VALUES ('5e627634038339.11156979', '5e4a83211ffd59.63214101', '5e62752a775aa8.85707788');
INSERT INTO `facility_language` (`id`, `facility_id`, `language_id`) 
  VALUES ('5e627634038370.51360289', '5e4a83211ffd59.63214101', '5e62752a775ae7.54844103');
